developer,count
Capcom,1302
Konami,1010
EA Vancouver,918
Traveller's Tales,715
Sonic Team,466
Game Freak,448
Electronic Arts,431
SNK,426
Sierra Entertainment,348
Ubisoft Montreal,336
Midway Games,317
Sega,305
id Software,296
Square Enix,295
EA Tiburon,282
KnowWonder,278
Namco,257
Square,242
Yuke's,227
Visual Concepts,223
Chunsoft,222
Nintendo Entertainment Analysis & Development,202
LucasArts,194
Treyarch,188
Koei Tecmo Holdings,174
Eurocom,172
"Bandai Co., Ltd.",171
Taito Corporation,169
EA Black Box,167
Codemasters,158
Westwood Studios,153
Rockstar North,153
"Atari, Inc.",152
Gameloft,148
Neversoft,146
Raven Software,146
Hudson Soft,132
Atari,131
Core Design,130
EA DICE,129
Pandemic Studios,129
Crystal Dynamics,127
Ubisoft Paris,127
Griptonite Games,125
Bandai Namco Entertainment,123
Nintendo,122
Ubisoft,120
Acclaim Studios London,113
Avalanche Software,111
Valve Corporation,108
Visceral Games,104
Sumo Digital,103
PopCap Games,103
Maxis,103
Koei,102
Naughty Dog,101
Heavy Iron Studios,101
Atlus,101
Luxoflux,101
Ubisoft Romania,97
High Voltage Software,95
Behaviour Interactive,94
Ubisoft Montpellier,92
Level-5,92
Tecmo,91
Activision Publishing,89
Nerve Software,89
Rare Ltd.,87
Danger Close Games,86
Irem,85
Sega AM2,85
Vicarious Visions,85
Atari Games,84
EA Sports,79
High Moon Studios,79
Toys for Bob,79
Dimps,78
Sports Interactive,77
Criterion Games,77
Nintendo Research & Development 1,76
Feral Interactive,75
Telltale Games,74
Blizzard Entertainment,74
Firaxis Games,74
HAL Laboratory,73
TT Games,73
MicroProse,73
Tose Co.,72
Acclaim Studios Austin,71
Intelligent Systems,70
Bullfrog Productions,68
New World Computing,68
Ubisoft Quebec,67
Infocom,65
Data East,65
Banpresto,64
THQ,64
Ubisoft Reflections,64
Blitz Games,64
Deep Silver Volition,63
Team Ninja,63
FromSoftware,61
RDI Video Systems,60
Rockstar San Diego,58
Platinum Games,58
Insomniac Games,57
Rebellion Developments,57
Milestone,56
CD Projekt RED,56
WMS Industries,56
Sega AM3,56
Interplay Entertainment,55
Sega Sports R&D,55
BioWare,54
4A Games,54
Inti Creates,53
Delphine Software International,53
Monkey Bar Games,52
ICOM Simulations,52
Rovio Entertainment,52
Kojima Productions,52
Black Rock Studio,50
The Collective,49
Terminal Reality,49
Bizarre Creations,48
Radical Entertainment,48
Pyro Studios,48
EA Mobile,48
Ubisoft Milan,48
Gremlin Interactive,48
Human Entertainment,48
IO Interactive,47
Beenox,47
Obsidian Entertainment,47
KID,47
Double Helix Games,47
Papaya Studio,46
U.S. Gold,46
Harmonix Music Systems,46
Team17,46
Mojang Studios,45
Distinctive Software,45
Stormfront Studios,45
Techland,44
Cryo Interactive,43
Edge of Reality,43
The Five powered & basics.,43
Cyan Worlds,43
Shaba Games,43
Konami Digital Entertainment,42
Camelot Software Planning,42
Krome Studios Melbourne,42
Pivotal Games,42
Argonaut Games,41
Polyphony Digital,41
Sculptured Software,41
Ubisoft Shanghai,41
Heartbeat,40
Ubisoft Blue Byte,40
System 3,40
Blue Tongue Entertainment,40
Aspyr,39
WayForward Technologies,39
Frogwares,39
Kush Games,38
Sucker Punch Productions,38
Zombie Studios,38
Daybreak Game Company,38
Loriciels,38
Clap Hanz,38
SCE Studio Liverpool,37
Creative Assembly,37
Arc System Works,37
Backbone Entertainment,37
Krome Studios,36
High Impact Games,36
Gearbox Software,36
Bungie,36
Dontnod Entertainment,36
Étranges Libellules,36
First Star Software,36
FarSight Studios,36
Arkane Studios,35
Big Fish Games,35
CyberConnect2,35
n-Space,34
TT Fusion,34
Eutechnyx,34
NetherRealm Studios,34
Vid Kidz,33
Titus Software,32
Oliver Twins,32
Savage Entertainment,32
Eden Games,32
Yuji Horii,32
Grasshopper Manufacture,32
Mateusz Skutnik,32
Epic Games,32
Lionhead Studios,31
Paradigm Entertainment,31
ERE Informatique,31
Sony Interactive Entertainment,31
Zoë Mode,31
Technology and Entertainment Software,31
Slightly Mad Studios,31
Sega Wow,30
Climax Group,30
Midway Austin,30
Ubisoft Toronto,30
Guerrilla Games,30
Ocean Software,30
Noise Factory,30
Game Arts,29
Remedy Entertainment,29
Imagic,29
Next Level Games,28
Zen Studios,28
Left Field Productions,28
Torus Games,28
Nintendo Software Technology,28
Leland Corporation,27
MercurySteam,27
Nival Interactive,27
Spike Chunsoft,27
Bugbear Entertainment,27
Page 44 Studios,27
Creatures,27
SCE San Diego Studio,27
Alexey Pajitnov,26
Totally Games,26
Revolution Software,26
EA Montreal,26
Sunsoft,26
2K Czech,26
Double Fine Productions,26
Midway Studios – Newcastle,26
Technōs Japan Corporation,26
Cyanide,25
Genius Sonority,25
Monolith Productions,25
Shiny Entertainment,25
Monolith Soft,25
Oddworld Inhabitants,25
Blitz Games Studios,25
Red Storm Entertainment,25
CI Games S.A.,24
Bethesda Game Studios,24
GSC Game World,24
Natsume,24
Egosoft,24
SIE London Studio,24
Aspect Co.,23
Red Entertainment,23
Dynamix,23
Namco Tales Studio,23
Capcom Vancouver,23
Humongous Entertainment,23
Infogrames,23
Relentless Software,23
Spike,23
Parker Brothers,23
Origin Systems,23
Ensemble Studios,22
Arika,22
Cauldron,22
Marvelous Entertainment,22
Infinite Interactive,22
SIE Santa Monica Studio,22
Guerrilla Cambridge,22
Accolade,22
Infinity Ward,22
Daedalic Entertainment,22
Cinemaware,22
Elite Systems,22
Now Production,21
Crytek UK,21
Xbox Game Studios,21
Data Design Interactive,21
HotGen,21
Ganbarion,21
Bandai Namco Studios,21
Sand Grain Studios,21
Krisalis Software,21
Frictional Games,21
Reality Pump Studios,21
Quantic Dream,21
Tynesoft,21
SIE Bend Studio,21
Strategy First,21
5th Cell,20
Rockstar Leeds,20
Max Design,20
MidBoss,20
Q-Games,20
Haemimont Games,20
Ritual Entertainment,20
Epyx,20
Underground Development,20
Jupiter,20
Nd Cube,20
Sensible Software,20
Artech Digital Entertainment,20
Kuju Ltd.,20
Vigil Games,20
Ninja Theory,20
Evolution Studios,20
Amusement Vision,20
tri-Ace,19
Big Ape Productions,19
NanaOn-Sha,19
TopWare Interactive,19
G5 Entertainment,19
Sting Entertainment,19
Imagitec Design,19
Microsoft Corporation,19
SIE Japan Studio,19
Acclaim Entertainment,19
Deck Nine Games,19
JoWooD Entertainment,19
Rockstar Toronto,19
Genki,19
Nicalis,18
CCP Games,18
Gust Co. Ltd.,18
Sidhe,18
XPEC Entertainment,18
SCS Software,18
Helixe,18
Veronika Megler,18
Ubisoft Barcelona,18
United Front Games,18
Clover Studio,18
989 Studios,18
Syn Sophia,18
Imagineering,17
Turn 10 Studios,17
Good-Feel,17
Factor 5,17
Lankhor,17
GRIN,17
The 3DO Company,17
Team Silent,17
The Sims Studio,17
Relic Entertainment,17
NovaLogic,17
Zipper Interactive,17
Playground Games,17
Rainbow Arts,17
Artdink,17
Silmarils,17
Vicious Cycle Software,17
Beautiful Game Studios,17
Blue Fang Games,17
Nintendo Software Planning & Development,17
Culture Brain,17
Terry Cavanagh,16
Thomas Biskup,16
Team Shanghai Alice,16
HB Studios,16
Akella,16
Robomodo,16
Virtuos,16
Irrational Games,16
FreeStyleGames,16
MacSoft Games,16
Cooking Mama Limited,16
Mythos Games,16
Muse Games,16
Treasure,16
Rocksteady Studios,16
Matrix Software,16
Nazca Corporation,16
Nihon Falcom,16
2K Games,16
Capybara Games,16
Gainax,16
Level 9 Computing,15
Deep Silver Dambuster Studios,15
Surreal Software,15
Sanzaru Games,15
MachineGames,15
Appaloosa Interactive,15
The Learning Company,15
Jetdogs Studios,15
Omega Force,15
Triband,15
Ubisoft San Francisco,15
343 Industries,15
Strategic Simulations,15
Cat Daddy Games,15
Software Creations,15
Nippon Ichi Software,15
Tripwire Interactive,15
Sega Studios San Francisco,15
nStigate Games,15
Croteam,15
Rainbow Studios,15
Winkysoft,15
Gonzalo Suárez Girard,14
Gaijin Entertainment,14
Fun Labs,14
Asobo Studio,14
Pentavision,14
Bit Managers,14
Epoch Co.,14
Project Soul,14
Idea Factory,14
Nixxes Software,14
Incentive Software,14
Incinerator Studios,14
Daisuke Amaya,14
Retro Studios,14
505 Games,14
Realtime Associates,14
Re-Logic,14
Razorworks,14
Rockstar Vancouver,14
Inkle,14
Media.Vision,14
Rake In Grass,14
Black Ops Entertainment,14
Rage Games,14
Blizzard North,14
Amaze Entertainment,14
BlueSky Software,14
MumboJumbo,14
Nintendo Entertainment Planning & Development,13
Empire Interactive,13
Locomotive Games,13
Frontier Developments,13
AlphaDream,13
Neko Entertainment,13
Introversion Software,13
Adeline Software International,13
Koei Tecmo Games,13
Acquire,13
Trendy Entertainment,13
Superhot Team,13
THQ Digital Studios UK,13
Ghost Games,13
Kheops Studio,13
MADFINGER Games,13
Hypnotix,13
Adventure Soft,12
2K Marin,12
Fox Interactive,12
Free Fall Associates,12
RedLynx,12
Flying Wild Hog,12
"SIMS Co., Ltd.",12
Wargaming.net,12
Quest Corporation,12
Frog City Software,12
Ancient,12
Psikyo,12
JumpStart Games,12
Sandlot,12
Kemco,12
Artix Entertainment,12
Asmik Ace Entertainment,12
Presto Studios,12
Deck13 Interactive,12
Datasoft,12
Troika Games,12
Cavia,12
Evryware,12
Limbic Entertainment,12
Minori,12
Midway Studios – Los Angeles,12
Monster Games,12
Creat Studios,12
Magic Pockets,12
Sir-Tech,12
DMA Design,12
EA Bright Light,12
EA Romania,12
Microïds,11
Trilobyte,11
Bandai Namco Holdings,11
Dark Energy Digital,11
Incognito Entertainment,11
SingleTrac,11
Source Studio Ltd.,11
Rockstar Lincoln,11
THQ Nordic,11
Digital Extremes,11
Chris Sawyer,11
Silicon Dreams,11
Ready at Dawn,11
Dinamic Software,11
Muse Software,11
Éric Chahi,11
Silicon Dreams Studios,11
Legend Entertainment,11
Tantalus Media,11
Related Designs,11
Cyberlore Studios,11
Flagship,11
Lexis Numérique,11
Crytek,11
Reflexive Entertainment,11
Kylotonn,11
Ryu ga Gotoku Studio,10
Stamper brothers,10
Key,10
Ideaworks Game Studio,10
KatGames,10
"Stern Electronics, Inc.",10
Ambrella,10
Cranberry Production,10
Seibu Kaihatsu,10
Team Ico,10
Novarama,10
Press Play,10
Tengen,10
ImaginEngine,10
ASCII Corporation,10
Impressions Games,10
22Cans,10
Nintendo development teams,10
Starbreeze Studios,10
Battlefront.com,10
Marvel Comics,10
Avalanche Studios,10
Niantic,10
Compile,10
Atomic Planet Entertainment,10
Nex Entertainment,10
Runecraft,10
Tamsoft,10
EightyEightGames,10
Perfect World,10
Housemarque,10
Artoon,10
TAD Corporation,9
Unique Development Studios,9
Ronimo Games,9
RFX Interactive,9
THQ Studio Australia,9
Quicksilver Software,9
Jordan Mechner,9
indieszero,9
Snowblind Studios,9
Hardlight,9
SETA Corporation,9
Wadjet Eye Games,9
Phr00t's Software,9
Nokia,9
TimeGate Studios,9
Skilltree Studios,9
Pack-In-Video,9
Palace Software,9
Papyrus Design Group,9
Looking Glass Studios,9
Toei Company,9
Parallax Software,9
Park Place Productions,9
Petroglyph Games,9
Adventure International,9
4J Studios,9
Choice Provisions,9
Eagle Dynamics,9
MC2 France,9
Slant Six Games,9
7 Studios,8
Simtex,8
Hipster Whale,8
UEP Systems,8
Tango Gameworks,8
Hyper Hippo,8
Media Molecule,8
Silicon Knights,8
MicroIllusions,8
InnoGames,8
tinyBuild Games,8
Tate Multimedia,8
Mobile & Game Studio,8
Incredible Technologies,8
NomnomNami,8
Mattel,8
Kalisto Entertainment,8
Eighting,8
The Logic Factory,8
CLOCKUP,8
Wisdom Tree,8
Kogado Studio,8
The Whole Experience,8
PAM Development,8
Long Hat House,8
Spiderweb Software,8
Santa Clara Games,8
Bloober Team,8
Vlambeer,8
Fox Digital Entertainment,8
Wargaming West Corporation,8
Black Isle Studios,8
Larian Studios,8
Firebrand Games,8
Lump of Sugar,8
Image Space Incorporated,8
Triumph Studios,8
Hangar 13,8
Vatra Games,8
"Point of View, Inc.",8
NEO XYX,8
Yuki Enterprise,8
Altron,8
Magnetic Scrolls,8
Kaneko,7
Overkill Software,7
Mass Media Inc.,7
Ivanoff Interactive,7
Jackbox Games,7
Jaleco,7
Monte Cristo,7
Santa Ragione,7
Magnetic Fields,7
Nintendo Network Service Development,7
Studio 33,7
Magenta Software,7
Shift,7
Polytron Corporation,7
Sora Ltd.,7
Neverland,7
Racjin,7
Pipeworks Software,7
KingsIsle Entertainment,7
07th Expansion,7
Zynga,7
Heart Machine,7
Webfoot Technologies,7
Audiogenic,7
Warner Bros. Interactive Entertainment,7
The Code Monkeys,7
Digital Pictures,7
Big Red Software,7
World-LooM Games,7
Toaplan,7
Bits Studios,7
Edmund McMillen,7
"Thekla, Inc.",7
Harebrained Schemes,7
Hasbro Interactive,7
Visual Sciences,7
Glu Mobile,7
Ubisoft Pune,7
Action Forms,7
17-BIT,7
Access Games,7
Cygames,7
FASA Studio,7
Toxic Games,7
Bigbig Studios,6
Darkworks,6
Wargaming Seattle,6
Big Huge Games,6
GarageGames,6
Kitfox Games,6
Big Blue Bubble,6
Climax Studios,6
Coktel Vision,6
Warthog Games,6
Twilight Frontier,6
Outrage Games,6
Owlient,6
Softstar Entertainment Inc.,6
Trion Worlds,6
Giants Software,6
Marvelous,6
Eugen Systems,6
VIS Entertainment,6
Smoking Car Productions,6
Lobotomy Software,6
Christine Love,6
Necrosoft Games,6
Chris Crawford,6
Deadline Games,6
Virgin Interactive,6
Ubisoft Annecy,6
Cobrasoft,6
Budcat Creations,6
Flight-Plan,6
Vadim Gerasimov,6
Size Five Games,6
Nintendo Research & Development 2,6
Bludgeonsoft,6
Kaos Studios,6
Funcom,6
Blacklight Interactive,6
Noise,6
G-Craft,6
NGD Studios,6
Game Mechanic Studios,6
Grimm Bros,6
Terrible Posture Games,6
Teyon,6
Akabeisoft2,6
Team6 Game Studios,6
DreamFactory,6
Magical Company,6
Q2826724,6
Magic Wand Productions,6
Team Salvato,6
Alfa System,6
h.a.n.d.,6
Rockstar Games,6
iNiS,6
Her Interactive,6
Hidden Path Entertainment,6
Ivory Tower,6
Roblox Corporation,6
Team Bondi,6
MAIET Entertainment,6
Absolute Entertainment,6
Indie Built,6
AGD Interactive,6
Human Head Studios,6
Ecole Software,6
stage-nana,6
"2015, Inc.",6
1st Playable Productions,6
Bandai Visual,6
Examu,6
ZootFly,6
Martech,6
Avalon Hill,6
Saber Interactive,6
Telenet Japan,6
William Crowther,6
Supersonic Software,6
Atomic Games,6
Pearl Abyss,6
"Pendulo Studios, S.L.",6
Anchor Inc.,6
Ubisoft Sofia,6
Wispfire,6
Paradox Development Studio,6
Swordfish Studios,6
Paon DP,6
Lucky Chicken Games,6
Software Projects,6
Ludia,6
Armature Studio,6
Runic Games,6
DoubleMoose Games,6
ZeniMax Online Studios,6
Jagex,6
Gorilla Systems,6
Mimimi Productions,5
Mind's Eye Productions,5
Dominic Robinson,5
David Whittaker,5
Destineer,5
Big Ant Studios,5
Undead Labs,5
Coresoft,5
Realtime Worlds,5
ADK,5
Raffaele Cecco,5
Rockstar London,5
Aliasworlds Entertainment,5
feelplus,5
RuneStorm,5
Propaganda Games,5
Planet Moon Studios,5
Artefacts Studio,5
Artic Software,5
People Can Fly,5
Atlantis Interactive Entertainment,5
Westone Bit Entertainment,5
Ozark Softscape,5
BattleGoat Studios,5
Warzone 2100 Project,5
Transmission Games,5
Wanako Studios,5
Nomada Studio,5
Nitroplus,5
Bottom Up,5
Sega Games,5
Victor Interactive Software,5
NeocoreGames,5
"Cinematronics, LLC",5
Cing,5
Namaskar,5
Color Dreams,5
EA Salt Lake,5
Takara,5
Jeff Minter,5
Suzak Inc.,5
Tiger Style,5
Tiertex Design Studios,5
Spellbound Entertainment,5
Tatsumi,5
Halfbrick Studios Pty Ltd,5
Liquid Entertainment,5
Tilted Mill Entertainment,5
Hello Games,5
Game Republic,5
Firefly Studios,5
The Pokémon Company,5
GungHo Online Entertainment,5
Eidos Montreal,5
Tarsier Studios,5
Kronos Digital Entertainment,5
Superscape,5
The Dreamers Guild,5
Exakt Entertainment,5
Gravity Corporation,5
Torn Banner Studios,5
Timi Studios,5
Terraglyph Interactive Studios,5
The Bitmap Brothers,5
Splash Damage,5
Celeris,4
Groove Games,4
Psyonix,4
Sega Racing Studio,4
Coleco,4
Kure Software Koubou,4
Video System,4
Compile Heart,4
Four Leaf Studios,4
Family Soft,4
Kutoka Interactive,4
Apogee Software,4
Cinematronics,4
Zachary Barth,4
Produce!,4
Saffire,4
LSP Games,4
System Sacom,4
Nexon,4
Gunfire Games,4
Pseudo Interactive,4
Fatshark,4
Stainless Games,4
Machine Zone,4
Visco Corporation,4
John W. Ratcliff,4
ThankCreate Studio,4
Success,4
Ghostfire Games,4
Paragon Software,4
Stuart Smith,4
Particle Systems,4
Atlantis Software,4
Gray Matter Interactive,4
Swingin' Ape Studios,4
Athena,4
Gamestar,4
Ascaron,4
Arzest,4
Nordcurrent,4
"Artificial Life, Inc.",4
Synapse Software,4
Black Bean Games,4
Petri Purho,4
No Goblin,4
Green Lava Studios,4
Future Games (video game developer),4
Krea Medie,4
Blue Sky Studios,4
Pi Studios,4
Grezzo,4
SELECT BUTTON Inc.,4
Bottlerocket Entertainment,4
Full Fat,4
Brent Iverson,4
Visiware,4
Universomo,4
Shin'en Multimedia,4
Room 8 Studio,4
Denton Designs,4
"Micronet co., Ltd.",4
Agat Films & Cie - Ex Nihilo,4
inXile entertainment,4
UTV Ignition Games,4
Active,4
Michael Todd Games,4
Sledgehammer Games,4
Mere Mortals,4
Acclaim Games,4
Smart Bomb Interactive,4
Hot Lava Games,4
Snapshot Games,4
Ratbag Games,4
Digital Reality,4
Maximum Games,4
AWE Games,4
Disney Interactive Studios,4
Domark Software,4
Trickstar Games,4
Lucky You Studio,4
3D Realms,4
SomaSim,4
DotEmu,4
Topo Soft,4
M2,4
MTO,4
1-UP Studio,4
Micronics,4
Sunrise Interactive,4
Mistwalker,4
Epicenter Studios,4
Headcannon,4
SimBin Studios,4
Q4195127,4
Q52056,4
Heliotrope Studios,4
Exidy,4
grapefrukt games,4
Rockstar New England,4
Ion Storm,4
Hellbent Games,4
Mindscape,4
Hanako Games,4
Iron Lore Entertainment,4
Linden Lab,4
HexaDrive,4
DeNA,4
Minato Soft,4
Redtribe,3
11 bit studios,3
PaperSeven,3
Q4039252,3
Joined Up Writing,3
TalonSoft,3
B.B. Studio,3
704Games,3
Q10855877,3
4mm Games,3
Invictus Games,3
SuperVillain Studios,3
Paradox France,3
Psytec Games ,3
Gus Martin,3
Parsoft Interactive,3
TaleWorlds,3
Illusion,3
skip Ltd.,3
Winged Cloud,3
SRF Games,3
Supermassive Games,3
Targem Games,3
Aquaplus,3
ACE Team,3
Zoom,3
Polygon Magic,3
Aicom,3
Yager Development,3
Point of View,3
Quicksilva,3
Playtonic Games,3
Playmobil,3
Henk Rogers,3
Playdek,3
Infomedia,3
Antab Studio,3
Grip Games,3
Acid Software,3
Hothead Games,3
Wolfire Games,3
Animation Arts,3
Piranha Bytes,3
Angelsoft,3
Artematica,3
Hot B,3
Wizarbox,3
SFB Games,3
Riva Celso,3
Airtight Games,3
Ravenscourt,3
reLINE Software,3
"Hopoo Games, LLC",3
Vulcan Software,3
Ubisoft Ukraine,3
Metropolis Software,3
Sly,3
VSTEP,3
Fervent,3
Laminar Research,3
Vanillaware,3
Senile Team,3
Engineering Animation,3
Vanpool,3
Tim Skelly,3
Chubby Pixel,3
VectorCell,3
Digital Fiction,3
Twisted Pixel Games,3
Cases Computer Simulations,3
Kung Fu Factory,3
CAVE,3
Elsinore Multimedia,3
Concept Software Ltd.,3
Cope-Com,3
Bubble Bus Software,3
Different Tales,3
Erbe Software S.A.,3
Ertal Games,3
Dan & Gary Games,3
DK-Games,3
Silverball Studios,3
"Liquid Bit, LLC",3
Cyclone Studios,3
Illwinter Game Design,3
Davidson & Associates,3
Decabry,3
Demiurge Studios,3
Destination Software Inc.,3
Microcabin,3
Crafts & Meister,3
Enix,3
Micro Magic Inc.,3
Lego Interactive,3
Enlight Software,3
MiniChimera Game Studio,3
Nickelodeon,3
Stuck In Attic,3
Ntreev Soft,3
Malibu Comics,3
Gamevil,3
Big Five Software,3
Genuine Games,3
Biart,3
Lukewarm Media,3
Out of the Park Developments,3
EA Sports Big,3
Ken Thompson,3
Over the Top Games,3
Beatshapers,3
DreamForge Intertainment,3
DreamRift,3
Keen Games,3
0verflow,3
Turtle Rock Studios,3
The Software Refinery,3
Massive Entertainment,3
Game Refuge Inc.,3
Brianna Lei,3
Stardock,3
Troy Lyndon,3
Lost Toys,3
Star Theory Games,3
Bluepoint Games,3
Bohemia Interactive,3
Vivendi,3
Boss Game Studios,3
"Softstar Technology (Shanghai) Co., Ltd.",2
Sony Interactive Studios America,2
Spacetime Studios,2
Specialbit Studio,2
Riot Games,2
Tomy,2
Take-Two Interactive,2
Robot Invader,2
Tōhō,2
thatgamecompany,2
SouthPeak Games,2
Software 2000,2
Type-Moon,2
Softnyx,2
WildTangent,2
Ubisoft Singapore,2
Sarepta studio,2
Sears,2
Vivarium Inc.,2
WizardWorks Software,2
Thinking Rabbit,2
Vogelfänger,2
Volatile Games,2
Voltage Entertainment,2
Sarbakan,2
XGen Studios,2
The Game Bakers,2
The Coalition,2
Teotl Studios,2
Wayward Design,2
Sand Sailor Studio,2
"Tetris Online, Inc.",2
Wild Arts,2
Worldwide Biggies,2
Xilam,2
Ultimate Play the Game,2
Rooster Teeth Games,2
UltraVision,2
etude,2
awe,2
Rockstar Vienna,2
SpinTop Games,2
ZyX,2
Universal Entertainment Corporation,2
Rotobee,2
Virgin Media,2
Wildfire Studios,2
Shōei,2
Seven Lights,2
Time Warner Interactive,2
Vektor Grafix,2
Yoshitaka Murayama,2
Sega Networks,2
VD-dev,2
Mad Monkey Studio,2
高考恋爱委员会,2
Black Hole Entertainment,2
Mikengreg,2
Bigpark,2
HeartBit Interactive,2
Michael Denio,2
Bigpoint GmbH,2
Hect,2
Dino Dini,2
Mediatonic,2
Dingo Inc.,2
Minnesota Zoo,2
Blitz Arcade,2
HopFrog,2
Mastfire Studios,2
Mark Haigh-Hutchinson,2
Brianna Wu,2
HumanSoft,2
Digital Eclipse Software,2
BudgeCo,2
Headstrong Games,2
Bethesda Softworks,2
NetDevil,2
Mucky Foot Productions,2
Nathalie Lawhead,2
Namco Networks,2
Babaroga,2
DR Studios,2
Divide By Zero,2
N-Fusion Interactive,2
Mythic Entertainment,2
Mud Duck Productions,2
Hand Made Software,2
Bergsala Lightweight,2
Barnhouse Effect,2
Mobile21,2
Bart Bonte,2
BaseSon,2
Bemani,2
Mithis Entertainment,2
Handheld Games,2
Distant Games,2
Bullet-Proof Software,2
BunchOD00dz,2
Capstone Software,2
Keen Software House,2
David Braben,2
Jane's Combat Simulations,2
Killspace Entertainment,2
Cosmi Corporation,2
Data Age,2
Javaground,2
Creative Assembly Sofia,2
Joonas Rikkonen,2
Darius Immanuel D. Guerrero,2
Littlewitch,2
Kairosoft,2
Curtis Campion,2
Kaga Create,2
Kabam,2
Jorudan,2
Cypronia,2
D3 Publisher,2
K Bros Games,2
JAM Productions,2
David Darling,2
Coffee Stain Studios,2
Debonosu,2
Limbic Software,2
Career Soft,2
Carry Lab,2
Leland Interactive Media,2
Legendo Entertainment AB,2
Cartoon Network,2
Detalion,2
Chair Entertainment,2
Chris Chung,2
Kuusoukagaku Corp.,2
Kurisu no Patto,2
Krealit,2
Imageepoch,2
Denki,2
Deep Shadows,2
Climax Entertainment,2
Inland Productions,2
Navel,2
NG.DEV.TEAM,2
Junction Point Studios,2
East Point Software,2
Edgeworks Entertainment,2
Games Distillery,2
Pierrot,2
Phoenix Games B.V.,2
Pete Cooke,2
Persha Studia,2
Perfect Entertainment,2
Florian Hufsky,2
Gargoyle Games,2
Absolutist Ltd.,2
Amblin Entertainment,2
Gary Grigsby,2
REDFOX™ Game Studio Limited,2
Ed Fries,2
Erik Brynjolfsson,2
Pixel Wizards,2
Pixile Studios,2
Electric Dreams Software,2
Al Lowe,2
Alcachofa Soft,2
Allumer,2
Q11309269,2
Q11227094,2
Q101069259,2
Q100871863,2
Q Entertainment,2
Platine Dispositif,2
Pterodon,2
Psygnosis,2
Prope,2
Affect,2
FIVE-BN GAMES,2
PomPom Games,2
Animation F/X,2
Andamiro,2
Gameforge,2
Good Science Studio,2
Ntronium Games,2
Foundation 9 Entertainment,2
Novotrade,2
"Driver-Inter, Ltd.",2
Dream Software,2
1Games,2
"Art Co., Ltd",2
ArtePiazza,2
Grandslam Entertainments,2
Atomic Motion,2
Front Wing,2
Attic Entertainment Software,2
New Corporation,2
"Aurogon Info&Tech (Shanghai) Co., Ltd.",2
10tacle Studios,2
7th Level,2
NuFX,2
Gogii Games,2
GameFAQs,2
Razorback Developments,2
Apeiron,2
Apus Software,2
Givro,2
EMI Music Japan,2
Arkadium,2
Arcade Zone,2
ArenaNet,2
Futuretown,2
Ouat Entertainment,2
Endgame Studios,2
Ubisoft Nagoya,1
Fortyfive,1
Danny Ledonne,1
FTL Games,1
Freeverse,1
Tim Sweeney,1
Dave Nutting,1
Darkling Room,1
Dogenzaka Lab,1
Empty Clip Studios,1
Derek Smart,1
Don Daglow,1
Dodge Roll,1
DnS Development,1
Don Priestley,1
Doublesix,1
EA Phenomic,1
EAD Tokyo Group No. 2,1
Tryzna,1
EIM,1
EPOS Game Studios,1
Turbo Button,1
EV Interactive,1
Eat Sleep Play,1
Digitalmindsoft,1
Digital Homicide Studios,1
Eddie Dombrower,1
Digital Eel,1
Digital Continue,1
Triotech Amusement,1
Digital Anvil,1
Tokyo Shoseki,1
Devil Kitty Games,1
Desk Plant,1
Digital Café,1
Virtual Playground,1
DC Comics,1
Arrowhead Game Studios,1
Amuze,1
Zeebo Interactive Studios,1
Anino Games,1
Anuman,1
Arc Developments,1
Yamasa,1
Archive Entertainment,1
Xaviant,1
Wube Software,1
Ambrosia Software,1
Arsys Software,1
Worldweaver Ltd,1
Art & Magic,1
World Forge,1
Artex Software,1
Artificial Studios,1
AwesomeBlade,1
BBC Multimedia,1
"Amedio Co., Ltd.",1
Amazon Game Studios,1
Whoopee Camp,1
Acclaim Studios Teesside,1
1C Company,1
tri-Crescendo,1
2XL Games,1
38 Studios,1
777 Studios,1
sparsevector,1
AQ Interactive,1
razorback,1
milestone,1
Zushi Games,1
masterpiece,1
Acheron Design,1
Alchemy,1
Alexis Nolent,1
Allods Team,1
Alpine Studios,1
Altar Games,1
Amada Printing,1
BS Studios,1
Barkers Crest Studio,1
Cyberflix,1
Cohort Studios,1
Ciberbit,1
Varie,1
VaragtP,1
Cinemax,1
ClockStone,1
Codo Technologies,1
VRUnicorns,1
VNG,1
Com2uS,1
Cellius,1
Unreal Software,1
Contrail,1
Costa Panayi,1
Crave Entertainment,1
Creature Labs,1
Creoteam,1
Ultra Games,1
Ukiyotei,1
Centuri,1
Cassie McQuater,1
Westwood Pacific,1
Binary Innovations,1
Barking Lizards Technologies,1
Bennett Foddy,1
Warren Robinett,1
Beyond Games,1
Big Red Button,1
Walt Disney Imagineering,1
Bill Budge,1
Billy Berghammer,1
Blendo Games,1
Carbonated Games,1
Vivendi Games,1
Borealys Games,1
Bossa Studios,1
British Broadcasting Corporation,1
Brøderbund,1
Vision Software,1
Buckethead Entertainment,1
Three Guys Game Studio,1
Froggy Software,1
Renaissance,1
Three Fields Entertainment,1
Simis,1
Silver Style Entertainment,1
Mnemonic Studios,1
Silicon Studio,1
MobyGames,1
Mr.Goodliving,1
NCsoft,1
NStorm,1
Nadeo,1
Sensory Sweep Studios,1
Naver Corporation,1
Nerjyzed Entertainment,1
Sega Sammy Holdings,1
Netmarble,1
Sega Interactive,1
NewKidCo,1
Newgrounds,1
"Nikita ""Ghost_RUS""",1
Ninai Games,1
Seemingly Pointless,1
NinjaBee,1
Nitro Games,1
Mitchell Corporation,1
Simogo,1
Saturn-plus,1
Mirage Media S.C.,1
MDickie Limited,1
Mad Genius Software,1
Magellan Interactive,1
Majesco Entertainment,1
Malcolm Evans,1
Manley & Associates,1
Marcus Nichols,1
Masthead Studios,1
Mattel Electronics,1
Soft Machine,1
Media Factory,1
Media Rings,1
SnapDragon Games,1
Meltdown Interactive Media,1
Small Rockets,1
Metalhead Software Inc.,1
Metaversum GmbH,1
Micro Forté,1
Skyworks Interactive,1
Milton Bradley Company,1
Minnesota Educational Computing Consortium,1
Scornz,1
Office Create,1
Third Wire,1
Q11336950,1
Q1474023,1
Q15643445,1
Q17040534,1
Q4042099,1
Q9371446,1
Qooc Software,1
Quantum Quality Productions,1
Rockstar Dundee,1
Rocket Science Games,1
Rock-Ola,1
Quintet,1
Radish Works,1
Ratloop,1
Reacting games,1
Rewolf Software,1
Rebel Planet Creations,1
Revived Games,1
Red Candle Games,1
Reto-Moto,1
Respawn Entertainment,1
Replay Studios,1
Q11348022,1
Project Sora,1
Orbital Media,1
Plain Vanilla Games,1
Santa Cruz Games,1
Sanritsu Denki,1
Sanrio,1
Sandlot Games,1
Oxygen Games,1
Sandbox Studios,1
Pacific Novelty,1
Pandora Box,1
Pantera Entertainment,1
Sad Puppy,1
Parallax Studio,1
STARFISH-SD,1
SS Studios,1
Paramount Digital Entertainment,1
SOFEL,1
SOCKO! Entertainment,1
Pastagames,1
Pax Softnica,1
SIE Worldwide Studios,1
Penguin Software,1
Piranha Games,1
Lucid Games,1
Love-de-Lic,1
Lost Boys Games,1
Graftgold,1
Tenyo,1
Renegade Kid,1
Graphic State Games,1
Gremlin Industries,1
Grumpyface Studios,1
Technosoft,1
Gunjin Games Limited,1
Haversine,1
Team Soho,1
Hexerei Games,1
Team Meat,1
Hi-Bit Studios,1
Hoplon Infotainment,1
Hua tong,1
Tarn Adams,1
Hwang Shinwei,1
Tapulous,1
I-Mockery,1
IBM,1
IGN,1
Ice Bytes,1
Graham Nelson,1
Gordon J. Key,1
Loren Lemcke,1
Goodgame Studios,1
Fun Bits Interactive,1
GAIA Co.,1
Gamerizon,1
The Odd Gentlemen,1
The Magic Candle,1
The Lego Group,1
Gamtec,1
The Incredible Machine,1
The Guildhall at SMU,1
The Game Designers Studio,1
The Game Creators,1
Gaps,1
The Farm 51,1
General Computer Corp.,1
Gethsemane Games,1
Ghost Machine,1
Giant Margarita,1
The Astronauts,1
Global Islamic Media Front,1
Thalamus Ltd,1
Global VR,1
Iconic Gaming Studio,1
Idol FX,1
Imagineer,1
Infamous Adventures,1
Kodiak Interactive,1
StormRegion,1
Kokoromi,1
Steve Turner,1
Steve Cartwright,1
"Konami Computer Entertainment Nagoya Co., Ltd.",1
Stefano Gualeni,1
Steel Wool Studios,1
Starwave,1
Konami Computer Entertainment Osaka,1
Koninklijke Philips NV,1
StarSystemStudios™,1
Stainless Steel Studios,1
SquarePlay Games,1
Square Enix Europe,1
LK Avalon,1
Leaf,1
Legacy Interactive,1
Split Polygon,1
Lenar,1
Lightspan,1
Klei Entertainment,1
Kesmai,1
KenamicK Entertainment,1
JoyMasher,1
InnerWorkings,1
Interactive Television Entertainment,1
Itharius,1
Jakks Pacific,1
Japan Art Media,1
Jaron Lanier,1
Joathrent Studios,1
Swing Swing Submarine,1
Suspicious Developments,1
Judges Guild,1
Keita Takahashi,1
KAZe,1
KCEO,1
Super Fighter Team,1
Sunstorm Interactive,1
Suncrash,1
Kara Stone,1
Stumbling Cat,1
Studio Gigante,1
Studio Cypix,1
Granzella,1
