"steam_games_3818","wikidata_27895","0.775"
"steam_games_23019","wikidata_10812","1.0"
"steam_games_37","wikidata_6019","0.9647058823529412"
"steam_games_45","wikidata_17334","0.9647058823529412"
"steam_games_1359","wikidata_15292","0.9666666666666667"
"steam_games_20085","wikidata_29758","0.9791666666666667"
"steam_games_2217","wikidata_18716","0.8997049603540476"
"steam_games_1866","wikidata_32657","1.0"
"steam_games_3819","wikidata_27894","0.775"
"steam_games_1866","wikidata_32658","1.0"
"steam_games_520","wikidata_24897","0.8984848484848484"
"steam_games_28","wikidata_17340","0.9647058823529412"
"steam_games_50","wikidata_17329","0.9647058823529412"
"steam_games_1736","wikidata_30940","1.0"
"steam_games_1326","wikidata_21173","0.875"
"steam_games_1993","wikidata_33735","0.9626865671641791"
"steam_games_1327","wikidata_21174","0.875"
"steam_games_22152","wikidata_19703","1.0"
"steam_games_23823","wikidata_17413","0.9625"
"steam_games_44","wikidata_17335","0.9647058823529412"
"steam_games_1143","wikidata_11206","0.8333333333333334"
"steam_games_3269","wikidata_20964","0.9580882352941177"
"steam_games_10910","wikidata_14829","0.874914089347079"
"steam_games_23018","wikidata_10812","1.0"
"steam_games_4518","wikidata_26314","0.963768115942029"
"steam_games_56","wikidata_17347","0.9647058823529412"
"steam_games_3819","wikidata_27895","0.775"
"steam_games_45","wikidata_17333","0.9647058823529412"
"steam_games_306","wikidata_14732","0.97"
"steam_games_1867","wikidata_32657","1.0"
"steam_games_1868","wikidata_32656","1.0"
"steam_games_37","wikidata_6018","0.9647058823529412"
"steam_games_1326","wikidata_21171","1.0"
"steam_games_534","wikidata_22486","0.9166666666666667"
"steam_games_796","wikidata_18772","0.9166666666666667"
"steam_games_3818","wikidata_27894","0.775"
"steam_games_55","wikidata_17347","0.9647058823529412"
"steam_games_520","wikidata_24898","0.8984848484848484"
"steam_games_2217","wikidata_18717","0.8997049603540476"
"steam_games_29","wikidata_17340","0.9647058823529412"
"steam_games_3997","wikidata_5958","0.9166666666666667"
"steam_games_1328","wikidata_21174","0.875"
"steam_games_5269","wikidata_24374","0.9833333333333334"
"steam_games_1867","wikidata_32658","1.0"
"steam_games_22152","wikidata_19704","1.0"
"steam_games_43","wikidata_17335","0.9647058823529412"
"steam_games_2033","wikidata_19710","1.0"
"steam_games_20147","wikidata_27847","1.0"
"steam_games_23823","wikidata_17414","0.9625"
"steam_games_3269","wikidata_20965","0.9580882352941177"
"steam_games_4517","wikidata_26314","0.963768115942029"
"steam_games_57","wikidata_17345","0.9647058823529412"
"steam_games_851","wikidata_31262","1.0"
"steam_games_2678","wikidata_30998","1.0"
"steam_games_58","wikidata_35340","0.9647058823529412"
"steam_games_1948","wikidata_18986","0.8407828282828282"
"steam_games_467","wikidata_18748","0.7730130249867092"
"steam_games_2891","wikidata_24332","1.0"
"steam_games_39","wikidata_6019","0.9647058823529412"
"steam_games_43","wikidata_17334","0.9647058823529412"
"steam_games_23019","wikidata_10814","1.0"
"steam_games_44","wikidata_17333","0.9647058823529412"
"steam_games_1867","wikidata_32656","1.0"
"steam_games_534","wikidata_22483","0.9166666666666667"
"steam_games_1868","wikidata_32657","1.0"
"steam_games_1692","wikidata_23127","0.8620868347338937"
"steam_games_1327","wikidata_21171","1.0"
"steam_games_1691","wikidata_23126","0.8620868347338937"
"steam_games_38","wikidata_6018","0.9647058823529412"
"steam_games_11487","wikidata_32206","1.0"
"steam_games_779","wikidata_15457","0.9166666666666667"
"steam_games_262","wikidata_19067","0.8854166666666667"
"steam_games_3818","wikidata_27893","0.775"
"steam_games_5269","wikidata_24371","0.9833333333333334"
"steam_games_1104","wikidata_17555","1.0"
"steam_games_11843","wikidata_32989","1.0"
"steam_games_9424","wikidata_20754","0.8974358974358976"
"steam_games_1868","wikidata_32658","1.0"
"steam_games_15397","wikidata_16998","0.8827956989247312"
"steam_games_1328","wikidata_21173","0.875"
"steam_games_23018","wikidata_10814","1.0"
"steam_games_4518","wikidata_26316","0.963768115942029"
"steam_games_22153","wikidata_19704","1.0"
"steam_games_4517","wikidata_26315","0.963768115942029"
"steam_games_23822","wikidata_17414","0.9625"
"steam_games_56","wikidata_17345","0.9647058823529412"
"steam_games_2677","wikidata_30998","1.0"
"steam_games_23019","wikidata_10813","1.0"
"steam_games_38","wikidata_6019","0.9647058823529412"
"steam_games_44","wikidata_17334","0.9647058823529412"
"steam_games_43","wikidata_17333","0.9647058823529412"
"steam_games_2890","wikidata_24332","1.0"
"steam_games_4591","wikidata_22770","0.9648648648648649"
"steam_games_1328","wikidata_21171","1.0"
"steam_games_1405","wikidata_22695","1.0"
"steam_games_1692","wikidata_23126","0.8620868347338937"
"steam_games_269","wikidata_25624","0.8933862433862434"
"steam_games_1691","wikidata_23127","0.8620868347338937"
"steam_games_39","wikidata_6018","0.9647058823529412"
"steam_games_3819","wikidata_27893","0.775"
"steam_games_4986","wikidata_18423","1.0"
"steam_games_1866","wikidata_32656","1.0"
"steam_games_55","wikidata_17345","0.9647058823529412"
"steam_games_1327","wikidata_21173","0.875"
"steam_games_1993","wikidata_33736","0.9626865671641791"
"steam_games_1326","wikidata_21174","0.875"
"steam_games_5269","wikidata_24372","0.9833333333333334"
"steam_games_45","wikidata_17335","0.9647058823529412"
"steam_games_4517","wikidata_26316","0.963768115942029"
"steam_games_22153","wikidata_19703","1.0"
"steam_games_2423","wikidata_19756","1.0"
"steam_games_4518","wikidata_26315","0.963768115942029"
"steam_games_23822","wikidata_17413","0.9625"
"steam_games_57","wikidata_17347","0.9647058823529412"
"steam_games_23018","wikidata_10813","1.0"
"steam_games_2676","wikidata_30998","1.0"
"steam_games_12907","wikidata_28218","0.9861111111111112"
"steam_games_2596","wikidata_32186","1.0"
"steam_games_329","wikidata_30969","0.9666666666666667"
"steam_games_3745","wikidata_32960","1.0"
"steam_games_1693","wikidata_23126","0.8620868347338937"
"steam_games_4592","wikidata_22770","0.9648648648648649"
"steam_games_2217","wikidata_18712","0.8997049603540476"
"steam_games_11489","wikidata_32206","1.0"
"steam_games_610","wikidata_34478","0.8632478632478633"
"steam_games_10910","wikidata_14825","0.874914089347079"
"steam_games_4986","wikidata_18424","1.0"
"steam_games_1242","wikidata_25827","1.0"
"steam_games_19805","wikidata_19875","1.0"
"steam_games_19804","wikidata_19874","1.0"
"steam_games_1994","wikidata_33736","0.9626865671641791"
"steam_games_1978","wikidata_21453","1.0"
"steam_games_16195","wikidata_26212","1.0"
"steam_games_16196","wikidata_26211","1.0"
"steam_games_2676","wikidata_30999","1.0"
"steam_games_26486","wikidata_26944","1.0"
"steam_games_8333","wikidata_24968","0.9609775641025641"
"steam_games_12906","wikidata_28218","0.9861111111111112"
"steam_games_8856","wikidata_18294","0.9691666666666667"
"steam_games_306","wikidata_14736","0.97"
"steam_games_14623","wikidata_34958","1.0"
"steam_games_12059","wikidata_32984","0.961111111111111"
"steam_games_2150","wikidata_16130","1.0"
"steam_games_1693","wikidata_23127","0.8620868347338937"
"steam_games_11488","wikidata_32206","1.0"
"steam_games_862","wikidata_20751","0.8998076923076923"
"steam_games_2217","wikidata_18713","0.8997049603540476"
"steam_games_1359","wikidata_15295","0.9666666666666667"
"steam_games_14709","wikidata_17106","1.0"
"steam_games_1156","wikidata_17653","1.0"
"steam_games_1326","wikidata_21176","0.875"
"steam_games_120","wikidata_26999","1.0"
"steam_games_1242","wikidata_25826","1.0"
"steam_games_1995","wikidata_33736","0.9626865671641791"
"steam_games_16195","wikidata_26211","1.0"
"steam_games_16196","wikidata_26212","1.0"
"steam_games_26486","wikidata_26943","1.0"
"steam_games_2677","wikidata_30999","1.0"
"steam_games_12905","wikidata_28218","0.9861111111111112"
"steam_games_1643","wikidata_35048","0.9853174603174604"
"steam_games_10765","wikidata_32921","0.893939393939394"
"steam_games_131","wikidata_32435","0.9166666666666667"
"steam_games_3743","wikidata_32960","1.0"
"steam_games_2539","wikidata_24564","1.0"
"steam_games_521","wikidata_24898","0.8984848484848484"
"steam_games_5259","wikidata_19868","0.8659188034188035"
"steam_games_1327","wikidata_21176","0.875"
"steam_games_5258","wikidata_19867","0.8659188034188035"
"steam_games_1995","wikidata_33735","0.9626865671641791"
"steam_games_3230","wikidata_27916","0.9166666666666667"
"steam_games_1241","wikidata_25826","1.0"
"steam_games_39975","wikidata_24512","0.775"
"steam_games_26486","wikidata_26942","1.0"
"steam_games_3268","wikidata_20965","0.9580882352941177"
"steam_games_59","wikidata_35340","0.9647058823529412"
"steam_games_2678","wikidata_30999","1.0"
"steam_games_2539","wikidata_24563","1.0"
"steam_games_2217","wikidata_18711","0.8997049603540476"
"steam_games_482","wikidata_6226","1.0"
"steam_games_3744","wikidata_32960","1.0"
"steam_games_1816","wikidata_29159","0.9473866959064328"
"steam_games_1241","wikidata_25827","1.0"
"steam_games_521","wikidata_24897","0.8984848484848484"
"steam_games_5258","wikidata_19868","0.8659188034188035"
"steam_games_1328","wikidata_21176","0.875"
"steam_games_5259","wikidata_19867","0.8659188034188035"
"steam_games_19804","wikidata_19875","1.0"
"steam_games_19805","wikidata_19874","1.0"
"steam_games_4675","wikidata_17000","1.0"
"steam_games_469","wikidata_17208","1.0"
"steam_games_51","wikidata_17329","0.9647058823529412"
"steam_games_1994","wikidata_33735","0.9626865671641791"
"steam_games_26486","wikidata_26941","1.0"
"steam_games_3268","wikidata_20964","0.9580882352941177"
"steam_games_2351","wikidata_27572","1.0"
"steam_games_502","wikidata_7489","0.9166666666666667"
"steam_games_5819","wikidata_33019","1.0"
"steam_games_2447","wikidata_2091","0.9166666666666667"
"steam_games_6","wikidata_35349","0.9647058823529412"
"steam_games_19538","wikidata_20988","1.0"
"steam_games_19539","wikidata_20987","1.0"
"steam_games_5258","wikidata_19869","0.8659188034188035"
"steam_games_12503","wikidata_33037","1.0"
"steam_games_51","wikidata_17328","0.9647058823529412"
"steam_games_6895","wikidata_12264","0.9769230769230769"
"steam_games_6896","wikidata_12263","0.9769230769230769"
"steam_games_23544","wikidata_13813","1.0"
"steam_games_11584","wikidata_15960","1.0"
"steam_games_26486","wikidata_26940","1.0"
"steam_games_195","wikidata_1687","0.9166666666666667"
"steam_games_19569","wikidata_35098","0.9460028248587571"
"steam_games_12502","wikidata_33038","1.0"
"steam_games_800","wikidata_382","1.0"
"steam_games_2119","wikidata_6005","1.0"
"steam_games_540","wikidata_17069","1.0"
"steam_games_12465","wikidata_22013","0.8838235294117647"
"steam_games_2447","wikidata_2092","0.9166666666666667"
"steam_games_5815","wikidata_14288","0.8916666666666666"
"steam_games_5","wikidata_35349","0.9647058823529412"
"steam_games_2470","wikidata_24197","1.0"
"steam_games_19539","wikidata_20986","1.0"
"steam_games_5259","wikidata_19869","0.8659188034188035"
"steam_games_12502","wikidata_33037","1.0"
"steam_games_730","wikidata_32082","1.0"
"steam_games_642","wikidata_15097","1.0"
"steam_games_23545","wikidata_13813","1.0"
"steam_games_6896","wikidata_12262","0.9769230769230769"
"steam_games_6894","wikidata_12264","0.9769230769230769"
"steam_games_3270","wikidata_20972","0.9580882352941177"
"steam_games_19569","wikidata_35097","0.9460028248587571"
"steam_games_11586","wikidata_15961","1.0"
"steam_games_11585","wikidata_15960","1.0"
"steam_games_1620","wikidata_33947","0.775"
"steam_games_194","wikidata_1687","0.9166666666666667"
"steam_games_1960","wikidata_30485","0.9675675675675676"
"steam_games_12503","wikidata_33038","1.0"
"steam_games_1019","wikidata_19291","1.0"
"steam_games_1102","wikidata_21486","0.96875"
"steam_games_502","wikidata_7487","0.9166666666666667"
"steam_games_12464","wikidata_22013","0.8838235294117647"
"steam_games_1160","wikidata_29394","1.0"
"steam_games_193","wikidata_1683","0.9166666666666667"
"steam_games_1183","wikidata_29041","0.969047619047619"
"steam_games_1383","wikidata_27467","0.9833333333333334"
"steam_games_2470","wikidata_24196","1.0"
"steam_games_4","wikidata_35349","0.9647058823529412"
"steam_games_19538","wikidata_20986","1.0"
"steam_games_2856","wikidata_26169","1.0"
"steam_games_33312","wikidata_24514","0.9714285714285714"
"steam_games_6894","wikidata_12263","0.9769230769230769"
"steam_games_6895","wikidata_12262","0.9769230769230769"
"steam_games_19569","wikidata_35096","0.9460028248587571"
"steam_games_2119","wikidata_6003","1.0"
"steam_games_194","wikidata_1684","0.9166666666666667"
"steam_games_11586","wikidata_15960","1.0"
"steam_games_11585","wikidata_15961","1.0"
"steam_games_29112","wikidata_16810","1.0"
"steam_games_1620","wikidata_33948","0.775"
"steam_games_8158","wikidata_21159","0.9795454545454545"
"steam_games_173","wikidata_16796","1.0"
"steam_games_2181","wikidata_22783","1.0"
"steam_games_2447","wikidata_2090","0.9166666666666667"
"steam_games_28980","wikidata_20473","1.0"
"steam_games_19539","wikidata_20988","1.0"
"steam_games_19538","wikidata_20987","1.0"
"steam_games_30746","wikidata_10822","1.0"
"steam_games_1972","wikidata_18120","0.821813725490196"
"steam_games_33311","wikidata_24514","0.9714285714285714"
"steam_games_6896","wikidata_12264","0.9769230769230769"
"steam_games_6894","wikidata_12262","0.9769230769230769"
"steam_games_6895","wikidata_12263","0.9769230769230769"
"steam_games_195","wikidata_1684","0.9166666666666667"
"steam_games_2180","wikidata_22783","1.0"
"steam_games_3270","wikidata_20970","0.9580882352941177"
"steam_games_1384","wikidata_27469","0.9833333333333334"
"steam_games_11584","wikidata_15961","1.0"
"steam_games_18701","wikidata_15302","1.0"
"steam_games_5382","wikidata_17468","0.9738095238095238"
"steam_games_13425","wikidata_30058","1.0"
"steam_games_13424","wikidata_30059","1.0"
"steam_games_133","wikidata_30144","0.976"
"steam_games_62","wikidata_29040","0.9647058823529412"
"steam_games_2181","wikidata_22784","1.0"
"steam_games_1986","wikidata_34580","1.0"
"steam_games_1867","wikidata_32654","1.0"
"steam_games_31971","wikidata_14323","0.9559829059829059"
"steam_games_1866","wikidata_32653","1.0"
"steam_games_18409","wikidata_24412","1.0"
"steam_games_8010","wikidata_19831","0.9823529411764707"
"steam_games_2639","wikidata_30692","0.9166666666666667"
"steam_games_4","wikidata_35347","0.9647058823529412"
"steam_games_5815","wikidata_14285","0.8916666666666666"
"steam_games_2858","wikidata_26169","1.0"
"steam_games_2456","wikidata_28200","1.0"
"steam_games_1232","wikidata_368","1.0"
"steam_games_1233","wikidata_367","1.0"
"steam_games_214","wikidata_452","1.0"
"steam_games_3270","wikidata_20977","0.9580882352941177"
"steam_games_1181","wikidata_29081","0.8706349206349207"
"steam_games_27670","wikidata_28266","1.0"
"steam_games_195","wikidata_1683","0.9166666666666667"
"steam_games_3198","wikidata_34661","1.0"
"steam_games_17","wikidata_25884","0.9647058823529412"
"steam_games_4516","wikidata_26316","0.963768115942029"
"steam_games_2180","wikidata_22784","1.0"
"steam_games_18","wikidata_25883","0.9647058823529412"
"steam_games_19567","wikidata_35096","0.9460028248587571"
"steam_games_9393","wikidata_17882","1.0"
"steam_games_1737","wikidata_33110","0.8818840579710145"
"steam_games_134","wikidata_30144","0.976"
"steam_games_61","wikidata_29040","0.9647058823529412"
"steam_games_2181","wikidata_22785","1.0"
"steam_games_13425","wikidata_30059","1.0"
"steam_games_13424","wikidata_30058","1.0"
"steam_games_193","wikidata_1684","0.9166666666666667"
"steam_games_1987","wikidata_34580","1.0"
"steam_games_2471","wikidata_24196","1.0"
"steam_games_8010","wikidata_19832","0.9823529411764707"
"steam_games_1866","wikidata_32654","1.0"
"steam_games_1868","wikidata_32652","1.0"
"steam_games_1867","wikidata_32653","1.0"
"steam_games_5383","wikidata_17468","0.9738095238095238"
"steam_games_2638","wikidata_30692","0.9166666666666667"
"steam_games_4","wikidata_35348","0.9647058823529412"
"steam_games_1233","wikidata_368","1.0"
"steam_games_2857","wikidata_26169","1.0"
"steam_games_3797","wikidata_30815","1.0"
"steam_games_1232","wikidata_367","1.0"
"steam_games_2455","wikidata_28200","1.0"
"steam_games_214","wikidata_451","1.0"
"steam_games_9859","wikidata_17614","0.9833333333333334"
"steam_games_1182","wikidata_29081","0.8706349206349207"
"steam_games_18","wikidata_25882","0.9647058823529412"
"steam_games_194","wikidata_1683","0.9166666666666667"
"steam_games_19568","wikidata_35096","0.9460028248587571"
"steam_games_3199","wikidata_34661","1.0"
"steam_games_16","wikidata_25884","0.9647058823529412"
"steam_games_2180","wikidata_22785","1.0"
"steam_games_4516","wikidata_26315","0.963768115942029"
"steam_games_10288","wikidata_9397","0.8780303030303032"
"steam_games_193","wikidata_1687","0.9166666666666667"
"steam_games_3466","wikidata_8098","0.8102564102564103"
"steam_games_3467","wikidata_8099","0.8102564102564103"
"steam_games_134","wikidata_30145","0.976"
"steam_games_133","wikidata_30146","0.976"
"steam_games_6","wikidata_35347","0.9647058823529412"
"steam_games_5","wikidata_35348","0.9647058823529412"
"steam_games_2471","wikidata_24197","1.0"
"steam_games_1987","wikidata_34581","1.0"
"steam_games_1501","wikidata_6109","0.978"
"steam_games_31909","wikidata_32209","1.0"
"steam_games_1868","wikidata_32653","1.0"
"steam_games_1867","wikidata_32652","1.0"
"steam_games_8011","wikidata_19832","0.9823529411764707"
"steam_games_2639","wikidata_30690","0.9166666666666667"
"steam_games_1234","wikidata_368","1.0"
"steam_games_27670","wikidata_28268","1.0"
"steam_games_9859","wikidata_17611","0.9833333333333334"
"steam_games_6430","wikidata_22710","1.0"
"steam_games_3270","wikidata_20975","0.9580882352941177"
"steam_games_19567","wikidata_35098","0.9460028248587571"
"steam_games_19568","wikidata_35097","0.9460028248587571"
"steam_games_17","wikidata_25882","0.9647058823529412"
"steam_games_13485","wikidata_8147","1.0"
"steam_games_16","wikidata_25883","0.9647058823529412"
"steam_games_3465","wikidata_8098","0.8102564102564103"
"steam_games_12504","wikidata_33038","1.0"
"steam_games_4516","wikidata_26314","0.963768115942029"
"steam_games_2033","wikidata_19711","1.0"
"steam_games_11724","wikidata_12395","0.9681818181818183"
"steam_games_3466","wikidata_8099","0.8102564102564103"
"steam_games_3467","wikidata_8098","0.8102564102564103"
"steam_games_320","wikidata_9756","0.9714285714285714"
"steam_games_133","wikidata_30145","0.976"
"steam_games_134","wikidata_30146","0.976"
"steam_games_8009","wikidata_19828","0.9823529411764707"
"steam_games_6","wikidata_35348","0.9647058823529412"
"steam_games_5","wikidata_35347","0.9647058823529412"
"steam_games_6251","wikidata_19518","0.8333333333333334"
"steam_games_10819","wikidata_13274","0.8233333333333334"
"steam_games_172","wikidata_19876","1.0"
"steam_games_8011","wikidata_19831","0.9823529411764707"
"steam_games_1868","wikidata_32654","1.0"
"steam_games_1866","wikidata_32652","1.0"
"steam_games_18408","wikidata_24412","1.0"
"steam_games_1986","wikidata_34581","1.0"
"steam_games_31908","wikidata_32209","1.0"
"steam_games_2638","wikidata_30690","0.9166666666666667"
"steam_games_1234","wikidata_367","1.0"
"steam_games_2457","wikidata_28200","1.0"
"steam_games_1972","wikidata_18124","0.821813725490196"
"steam_games_12504","wikidata_33037","1.0"
"steam_games_27670","wikidata_28267","1.0"
"steam_games_50","wikidata_17328","0.9647058823529412"
"steam_games_3270","wikidata_20974","0.9580882352941177"
"steam_games_16","wikidata_25882","0.9647058823529412"
"steam_games_18","wikidata_25884","0.9647058823529412"
"steam_games_3465","wikidata_8099","0.8102564102564103"
"steam_games_637","wikidata_28145","0.9704545454545455"
"steam_games_17","wikidata_25883","0.9647058823529412"
"steam_games_19567","wikidata_35097","0.9460028248587571"
"steam_games_19568","wikidata_35098","0.9460028248587571"
"steam_games_8009","wikidata_19829","0.9823529411764707"
"steam_games_3341","wikidata_22673","0.8333333333333334"
"steam_games_29067","wikidata_18449","1.0"
"steam_games_1985","wikidata_34581","1.0"
"steam_games_9260","wikidata_15523","0.8835421888053467"
"steam_games_1194","wikidata_18530","0.8791666666666667"
"steam_games_1665","wikidata_29879","0.9492063492063492"
"steam_games_5952","wikidata_21521","0.9091911764705882"
"steam_games_5383","wikidata_17475","0.9738095238095238"
"steam_games_1234","wikidata_366","1.0"
"steam_games_14852","wikidata_30497","0.9362712975098296"
"steam_games_18981","wikidata_25429","1.0"
"steam_games_331","wikidata_30971","0.9666666666666667"
"steam_games_977","wikidata_22642","1.0"
"steam_games_659","wikidata_4503","1.0"
"steam_games_9461","wikidata_14273","0.9551094890510949"
"steam_games_1855","wikidata_15445","1.0"
"steam_games_3342","wikidata_22673","0.8333333333333334"
"steam_games_29961","wikidata_17997","0.9607142857142857"
"steam_games_1193","wikidata_18530","0.8791666666666667"
"steam_games_29067","wikidata_18448","1.0"
"steam_games_1526","wikidata_22296","1.0"
"steam_games_51","wikidata_17331","0.9647058823529412"
"steam_games_1664","wikidata_29877","0.9492063492063492"
"steam_games_2093","wikidata_34315","0.960185687178097"
"steam_games_35837","wikidata_20996","1.0"
"steam_games_18981","wikidata_25428","1.0"
"steam_games_330","wikidata_30971","0.9666666666666667"
"steam_games_8158","wikidata_21160","0.9795454545454545"
"steam_games_4728","wikidata_14296","0.971875"
"steam_games_6606","wikidata_16841","1.0"
"steam_games_1222","wikidata_18702","0.9706896551724138"
"steam_games_721","wikidata_7497","0.8484848484848485"
"steam_games_5434","wikidata_18937","0.9166666666666667"
"steam_games_2804","wikidata_24231","1.0"
"steam_games_5382","wikidata_17475","0.9738095238095238"
"steam_games_274","wikidata_260","1.0"
"steam_games_1524","wikidata_22299","1.0"
"steam_games_2962","wikidata_17384","0.9051470588235294"
"steam_games_309","wikidata_14752","1.0"
"steam_games_3343","wikidata_22673","0.8333333333333334"
"steam_games_11649","wikidata_30947","1.0"
"steam_games_1194","wikidata_18532","0.8791666666666667"
"steam_games_2179","wikidata_22784","1.0"
"steam_games_29066","wikidata_18448","1.0"
"steam_games_1380","wikidata_27656","0.8734126984126984"
"steam_games_1526","wikidata_22297","1.0"
"steam_games_571","wikidata_20942","1.0"
"steam_games_2855","wikidata_34978","0.9556451612903225"
"steam_games_7305","wikidata_29799","1.0"
"steam_games_14852","wikidata_30499","0.9362712975098296"
"steam_games_1232","wikidata_366","1.0"
"steam_games_20574","wikidata_33028","0.85"
"steam_games_1183","wikidata_29081","0.8706349206349207"
"steam_games_2029","wikidata_26691","1.0"
"steam_games_214","wikidata_454","1.0"
"steam_games_1073","wikidata_34279","1.0"
"steam_games_721","wikidata_7496","0.8484848484848485"
"steam_games_10289","wikidata_9397","0.8780303030303032"
"steam_games_1559","wikidata_33725","0.975"
"steam_games_1525","wikidata_22299","1.0"
"steam_games_2961","wikidata_17384","0.9051470588235294"
"steam_games_2742","wikidata_14267","1.0"
"steam_games_3902","wikidata_15287","1.0"
"steam_games_2179","wikidata_22785","1.0"
"steam_games_1985","wikidata_34580","1.0"
"steam_games_29066","wikidata_18449","1.0"
"steam_games_18269","wikidata_16803","1.0"
"steam_games_1193","wikidata_18532","0.8791666666666667"
"steam_games_571","wikidata_20943","1.0"
"steam_games_10982","wikidata_29999","1.0"
"steam_games_1233","wikidata_366","1.0"
"steam_games_21018","wikidata_14313","0.9575"
"steam_games_606","wikidata_15705","1.0"
"steam_games_721","wikidata_7495","0.8484848484848485"
"steam_games_1526","wikidata_22299","1.0"
"steam_games_7880","wikidata_22713","0.9875"
"steam_games_9461","wikidata_14276","0.9551094890510949"
"steam_games_192","wikidata_26855","0.8333333333333334"
"steam_games_1181","wikidata_29041","0.969047619047619"
"steam_games_324","wikidata_16298","0.7619047619047619"
"steam_games_1524","wikidata_22297","1.0"
"steam_games_65","wikidata_15389","0.8813725490196078"
"steam_games_10595","wikidata_35906","1.0"
"steam_games_10594","wikidata_35907","1.0"
"steam_games_199","wikidata_35780","0.9166666666666667"
"steam_games_434","wikidata_9395","1.0"
"steam_games_1338","wikidata_22611","1.0"
"steam_games_720","wikidata_7495","0.8484848484848485"
"steam_games_7880","wikidata_22712","0.9875"
"steam_games_3343","wikidata_22674","0.8333333333333334"
"steam_games_1182","wikidata_29041","0.969047619047619"
"steam_games_460","wikidata_11717","0.8333333333333334"
"steam_games_2179","wikidata_22783","1.0"
"steam_games_325","wikidata_16298","0.7619047619047619"
"steam_games_1661","wikidata_31436","1.0"
"steam_games_2742","wikidata_14261","0.9762660256410256"
"steam_games_1525","wikidata_22297","1.0"
"steam_games_366","wikidata_26895","0.8333333333333334"
"steam_games_1228","wikidata_5748","0.9166666666666667"
"steam_games_367","wikidata_15172","0.7952380952380953"
"steam_games_2118","wikidata_6003","1.0"
"steam_games_1871","wikidata_13668","0.9166666666666667"
"steam_games_31910","wikidata_32209","1.0"
"steam_games_8948","wikidata_24541","1.0"
"steam_games_3343","wikidata_22675","0.8333333333333334"
"steam_games_1337","wikidata_22611","1.0"
"steam_games_720","wikidata_7496","0.8484848484848485"
"steam_games_1855","wikidata_15444","1.0"
"steam_games_685","wikidata_28471","1.0"
"steam_games_3342","wikidata_22674","0.8333333333333334"
"steam_games_18955","wikidata_17553","0.9509803921568627"
"steam_games_6120","wikidata_24334","1.0"
"steam_games_50","wikidata_17331","0.9647058823529412"
"steam_games_1525","wikidata_22296","1.0"
"steam_games_2092","wikidata_34315","0.960185687178097"
"steam_games_1665","wikidata_29877","0.9492063492063492"
"steam_games_72","wikidata_33641","0.9647058823529412"
"steam_games_63","wikidata_15389","0.8813725490196078"
"steam_games_326","wikidata_16298","0.7619047619047619"
"steam_games_636","wikidata_14600","1.0"
"steam_games_3342","wikidata_22675","0.8333333333333334"
"steam_games_6607","wikidata_16841","1.0"
"steam_games_2222","wikidata_8629","1.0"
"steam_games_720","wikidata_7497","0.8484848484848485"
"steam_games_1338","wikidata_22613","1.0"
"steam_games_366","wikidata_26898","0.8333333333333334"
"steam_games_1855","wikidata_15443","1.0"
"steam_games_7880","wikidata_22714","0.9875"
"steam_games_777","wikidata_2608","1.0"
"steam_games_1863","wikidata_17236","0.9026228403076001"
"steam_games_26485","wikidata_26940","1.0"
"steam_games_3341","wikidata_22674","0.8333333333333334"
"steam_games_1664","wikidata_29879","0.9492063492063492"
"steam_games_1524","wikidata_22296","1.0"
"steam_games_64","wikidata_15389","0.8813725490196078"
"steam_games_10594","wikidata_35906","1.0"
"steam_games_10595","wikidata_35907","1.0"
"steam_games_3341","wikidata_22675","0.8333333333333334"
"steam_games_778","wikidata_2608","1.0"
"steam_games_2118","wikidata_6005","1.0"
"steam_games_1337","wikidata_22613","1.0"
"steam_games_21964","wikidata_16139","0.96875"
"steam_games_13124","wikidata_15280","1.0"
"steam_games_681","wikidata_26784","0.7721815221815223"
"steam_games_1549","wikidata_31441","0.8333333333333334"
"steam_games_27747","wikidata_20465","1.0"
"steam_games_26485","wikidata_26941","1.0"
"steam_games_12640","wikidata_34703","1.0"
"steam_games_10171","wikidata_21325","1.0"
"steam_games_28229","wikidata_24603","1.0"
"steam_games_1353","wikidata_1145","0.9166666666666667"
"steam_games_1352","wikidata_1144","0.9166666666666667"
"steam_games_1661","wikidata_31433","1.0"
"steam_games_21","wikidata_6262","0.9647058823529412"
"steam_games_20","wikidata_6261","0.9647058823529412"
"steam_games_1326","wikidata_21169","1.0"
"steam_games_10254","wikidata_18060","1.0"
"steam_games_59","wikidata_35338","0.9647058823529412"
"steam_games_1777","wikidata_17458","1.0"
"steam_games_796","wikidata_18769","0.9166666666666667"
"steam_games_3268","wikidata_20967","0.9580882352941177"
"steam_games_1695","wikidata_18939","0.9166666666666667"
"steam_games_35548","wikidata_24556","1.0"
"steam_games_1291","wikidata_20390","0.8172657952069717"
"steam_games_1351","wikidata_1146","0.9166666666666667"
"steam_games_851","wikidata_31259","1.0"
"steam_games_26485","wikidata_26942","1.0"
"steam_games_27747","wikidata_20464","1.0"
"steam_games_13123","wikidata_15280","1.0"
"steam_games_1079","wikidata_20906","0.9630952380952381"
"steam_games_1352","wikidata_1145","0.9166666666666667"
"steam_games_1353","wikidata_1144","0.9166666666666667"
"steam_games_28228","wikidata_24603","1.0"
"steam_games_735","wikidata_20936","0.7642773892773893"
"steam_games_28227","wikidata_24603","1.0"
"steam_games_21","wikidata_6261","0.9647058823529412"
"steam_games_1326","wikidata_21168","1.0"
"steam_games_20","wikidata_6262","0.9647058823529412"
"steam_games_1418","wikidata_32983","1.0"
"steam_games_59","wikidata_35337","0.9647058823529412"
"steam_games_1778","wikidata_17458","1.0"
"steam_games_326","wikidata_16297","0.7619047619047619"
"steam_games_6607","wikidata_16842","1.0"
"steam_games_35549","wikidata_24556","1.0"
"steam_games_24727","wikidata_10767","0.9741935483870968"
"steam_games_8856","wikidata_18290","0.9691666666666667"
"steam_games_3104","wikidata_4580","0.9166666666666667"
"steam_games_3106","wikidata_4582","0.9166666666666667"
"steam_games_779","wikidata_15461","0.9166666666666667"
"steam_games_26485","wikidata_26943","1.0"
"steam_games_6417","wikidata_24190","1.0"
"steam_games_8368","wikidata_33378","0.9091911764705882"
"steam_games_13122","wikidata_15280","1.0"
"steam_games_325","wikidata_16297","0.7619047619047619"
"steam_games_1208","wikidata_16659","0.8333333333333334"
"steam_games_1153","wikidata_28439","1.0"
"steam_games_28228","wikidata_24602","1.0"
"steam_games_28229","wikidata_24601","1.0"
"steam_games_22219","wikidata_21135","1.0"
"steam_games_2582","wikidata_17594","0.9019607843137256"
"steam_games_28227","wikidata_24602","1.0"
"steam_games_1328","wikidata_21169","1.0"
"steam_games_35548","wikidata_24558","1.0"
"steam_games_1229","wikidata_5748","0.9166666666666667"
"steam_games_1327","wikidata_21168","1.0"
"steam_games_7918","wikidata_27743","0.978125"
"steam_games_2098","wikidata_17450","0.8535714285714285"
"steam_games_35549","wikidata_24557","1.0"
"steam_games_3268","wikidata_20969","0.9580882352941177"
"steam_games_3106","wikidata_4581","0.9166666666666667"
"steam_games_26485","wikidata_26944","1.0"
"steam_games_3105","wikidata_4580","0.9166666666666667"
"steam_games_8369","wikidata_33378","0.9091911764705882"
"steam_games_324","wikidata_16297","0.7619047619047619"
"steam_games_24923","wikidata_24458","0.9166666666666667"
"steam_games_1208","wikidata_16658","0.8333333333333334"
"steam_games_28229","wikidata_24602","1.0"
"steam_games_28228","wikidata_24601","1.0"
"steam_games_1328","wikidata_21168","1.0"
"steam_games_28227","wikidata_24601","1.0"
"steam_games_35549","wikidata_24558","1.0"
"steam_games_1327","wikidata_21169","1.0"
"steam_games_739","wikidata_34304","1.0"
"steam_games_35548","wikidata_24557","1.0"
"steam_games_1618","wikidata_33948","0.775"
"steam_games_3200","wikidata_34661","1.0"
"steam_games_3105","wikidata_4581","0.9166666666666667"
"steam_games_825","wikidata_6182","0.9166666666666667"
"steam_games_3229","wikidata_27916","0.9166666666666667"
"steam_games_1097","wikidata_16080","0.9166666666666667"
"steam_games_27747","wikidata_20461","1.0"
"steam_games_3104","wikidata_4582","0.9166666666666667"
"steam_games_3106","wikidata_4580","0.9166666666666667"
"steam_games_24924","wikidata_24458","0.9166666666666667"
"steam_games_536","wikidata_20694","0.9916666666666667"
"steam_games_24214","wikidata_19853","1.0"
"steam_games_796","wikidata_18765","0.9166666666666667"
"steam_games_1322","wikidata_25892","1.0"
"steam_games_9609","wikidata_8134","0.941958041958042"
"steam_games_1969","wikidata_24111","0.8333333333333334"
"steam_games_33312","wikidata_24560","0.9714285714285714"
"steam_games_19540","wikidata_20986","1.0"
"steam_games_4205","wikidata_35934","1.0"
"steam_games_4206","wikidata_35933","1.0"
"steam_games_2962","wikidata_17386","0.9051470588235294"
"steam_games_6419","wikidata_24190","1.0"
"steam_games_658","wikidata_25918","1.0"
"steam_games_11128","wikidata_24839","0.984375"
"steam_games_2978","wikidata_17448","0.9785714285714285"
"steam_games_460","wikidata_18266","0.8333333333333334"
"steam_games_3105","wikidata_4582","0.9166666666666667"
"steam_games_3228","wikidata_27916","0.9166666666666667"
"steam_games_341","wikidata_18345","1.0"
"steam_games_1619","wikidata_33948","0.775"
"steam_games_3855","wikidata_24262","0.9166666666666667"
"steam_games_27747","wikidata_20460","1.0"
"steam_games_3104","wikidata_4581","0.9166666666666667"
"steam_games_11129","wikidata_24839","0.984375"
"steam_games_13122","wikidata_15281","1.0"
"steam_games_162","wikidata_19608","0.9166666666666667"
"steam_games_1968","wikidata_24111","0.8333333333333334"
"steam_games_10171","wikidata_21328","1.0"
"steam_games_120","wikidata_27002","1.0"
"steam_games_536","wikidata_20695","0.9916666666666667"
"steam_games_9609","wikidata_8135","0.941958041958042"
"steam_games_3259","wikidata_34369","1.0"
"steam_games_2582","wikidata_17599","0.9019607843137256"
"steam_games_33311","wikidata_24560","0.9714285714285714"
"steam_games_19540","wikidata_20987","1.0"
"steam_games_4204","wikidata_35934","1.0"
"steam_games_2684","wikidata_20556","1.0"
"steam_games_6418","wikidata_24190","1.0"
"steam_games_2961","wikidata_17386","0.9051470588235294"
"steam_games_658","wikidata_25919","1.0"
"steam_games_3269","wikidata_20969","0.9580882352941177"
"steam_games_11129","wikidata_24838","0.984375"
"steam_games_1619","wikidata_33947","0.775"
"steam_games_1351","wikidata_1145","0.9166666666666667"
"steam_games_1967","wikidata_24111","0.8333333333333334"
"steam_games_13123","wikidata_15281","1.0"
"steam_games_13743","wikidata_35210","1.0"
"steam_games_23020","wikidata_10809","1.0"
"steam_games_28","wikidata_17338","0.9647058823529412"
"steam_games_29","wikidata_17337","0.9647058823529412"
"steam_games_120","wikidata_27001","1.0"
"steam_games_2739","wikidata_34656","1.0"
"steam_games_1352","wikidata_1146","0.9166666666666667"
"steam_games_21018","wikidata_14316","0.9575"
"steam_games_2217","wikidata_18718","0.8997049603540476"
"steam_games_4204","wikidata_35933","1.0"
"steam_games_6812","wikidata_34649","1.0"
"steam_games_19540","wikidata_20988","1.0"
"steam_games_58","wikidata_35337","0.9647058823529412"
"steam_games_28644","wikidata_24454","1.0"
"steam_games_6252","wikidata_22711","1.0"
"steam_games_6606","wikidata_16842","1.0"
"steam_games_330","wikidata_30970","0.9666666666666667"
"steam_games_2150","wikidata_16125","1.0"
"steam_games_22413","wikidata_24569","0.8875"
"steam_games_11128","wikidata_24837","0.984375"
"steam_games_4728","wikidata_14295","0.971875"
"steam_games_13124","wikidata_15281","1.0"
"steam_games_11129","wikidata_24837","0.984375"
"steam_games_1618","wikidata_33947","0.775"
"steam_games_1351","wikidata_1144","0.9166666666666667"
"steam_games_341","wikidata_18343","1.0"
"steam_games_23020","wikidata_10808","1.0"
"steam_games_4143","wikidata_31155","1.0"
"steam_games_29","wikidata_17338","0.9647058823529412"
"steam_games_120","wikidata_27000","1.0"
"steam_games_28","wikidata_17337","0.9647058823529412"
"steam_games_1281","wikidata_28323","1.0"
"steam_games_1322","wikidata_25891","1.0"
"steam_games_1869","wikidata_14511","1.0"
"steam_games_1353","wikidata_1146","0.9166666666666667"
"steam_games_796","wikidata_18762","0.9166666666666667"
"steam_games_58","wikidata_35338","0.9647058823529412"
"steam_games_4205","wikidata_35933","1.0"
"steam_games_517","wikidata_34471","0.97"
"steam_games_23020","wikidata_10807","1.0"
"steam_games_4206","wikidata_35934","1.0"
"steam_games_331","wikidata_30970","0.9666666666666667"
"steam_games_3269","wikidata_20967","0.9580882352941177"
"steam_games_977","wikidata_22641","1.0"
"steam_games_11128","wikidata_24838","0.984375"
"steam_games_145","wikidata_11832","1.0"
"steam_games_4792","wikidata_10803","1.0"
"steam_games_35550","wikidata_24558","1.0"
"steam_games_6301","wikidata_35923","0.9166666666666667"
"steam_games_2857","wikidata_26170","1.0"
"steam_games_324","wikidata_16308","0.7619047619047619"
"steam_games_6300","wikidata_35922","0.9166666666666667"
"steam_games_6302","wikidata_35924","0.9166666666666667"
"steam_games_10327","wikidata_34688","1.0"
"steam_games_858","wikidata_16623","0.822039072039072"
"steam_games_687","wikidata_16183","1.0"
"steam_games_20824","wikidata_10754","1.0"
"steam_games_31909","wikidata_32210","1.0"
"steam_games_1666","wikidata_14664","0.9598765432098766"
"steam_games_874","wikidata_2257","1.0"
"steam_games_422","wikidata_35030","0.9166666666666667"
"steam_games_1382","wikidata_24086","1.0"
"steam_games_1157","wikidata_16369","0.887962962962963"
"steam_games_501","wikidata_7493","0.9166666666666667"
"steam_games_104","wikidata_10075","1.0"
"steam_games_1574","wikidata_32063","1.0"
"steam_games_29942","wikidata_24498","1.0"
"steam_games_11127","wikidata_24838","0.984375"
"steam_games_1695","wikidata_18942","0.9166666666666667"
"steam_games_1967","wikidata_24110","0.8333333333333334"
"steam_games_4793","wikidata_10803","1.0"
"steam_games_49","wikidata_17328","0.9647058823529412"
"steam_games_1526","wikidata_22302","0.8530092592592593"
"steam_games_325","wikidata_16308","0.7619047619047619"
"steam_games_6300","wikidata_35923","0.9166666666666667"
"steam_games_2858","wikidata_26170","1.0"
"steam_games_10327","wikidata_34689","1.0"
"steam_games_35550","wikidata_24557","1.0"
"steam_games_6301","wikidata_35922","0.9166666666666667"
"steam_games_543","wikidata_16260","0.8555148555148555"
"steam_games_11108","wikidata_32995","0.893939393939394"
"steam_games_779","wikidata_15448","0.9166666666666667"
"steam_games_482","wikidata_6211","1.0"
"steam_games_31908","wikidata_32210","1.0"
"steam_games_3268","wikidata_20970","0.9580882352941177"
"steam_games_1526","wikidata_22301","0.8530092592592593"
"steam_games_3269","wikidata_20977","0.9580882352941177"
"steam_games_29943","wikidata_24498","1.0"
"steam_games_1486","wikidata_22034","0.875"
"steam_games_1573","wikidata_32063","1.0"
"steam_games_105","wikidata_10075","1.0"
"steam_games_11127","wikidata_24837","0.984375"
"steam_games_18411","wikidata_35092","1.0"
"steam_games_143","wikidata_11832","1.0"
"steam_games_6942","wikidata_28242","0.85"
"steam_games_19","wikidata_6262","0.9647058823529412"
"steam_games_12638","wikidata_34703","1.0"
"steam_games_2858","wikidata_26171","1.0"
"steam_games_10328","wikidata_34689","1.0"
"steam_games_35550","wikidata_24556","1.0"
"steam_games_10329","wikidata_34688","1.0"
"steam_games_5492","wikidata_19897","0.9769230769230769"
"steam_games_1968","wikidata_24110","0.8333333333333334"
"steam_games_1168","wikidata_14247","0.9166666666666667"
"steam_games_26485","wikidata_26939","1.0"
"steam_games_5820","wikidata_33019","1.0"
"steam_games_823","wikidata_22544","1.0"
"steam_games_2976","wikidata_32141","1.0"
"steam_games_482","wikidata_6210","1.0"
"steam_games_1668","wikidata_14664","0.9598765432098766"
"steam_games_326","wikidata_16308","0.7619047619047619"
"steam_games_2524","wikidata_26304","1.0"
"steam_games_2523","wikidata_26305","1.0"
"steam_games_800","wikidata_376","1.0"
"steam_games_3269","wikidata_20974","0.9580882352941177"
"steam_games_144","wikidata_11832","1.0"
"steam_games_5811","wikidata_14164","1.0"
"steam_games_8838","wikidata_35949","1.0"
"steam_games_19","wikidata_6261","0.9647058823529412"
"steam_games_14437","wikidata_32178","0.9857142857142858"
"steam_games_2857","wikidata_26171","1.0"
"steam_games_5493","wikidata_19897","0.9769230769230769"
"steam_games_1526","wikidata_22304","0.8530092592592593"
"steam_games_10329","wikidata_34689","1.0"
"steam_games_10328","wikidata_34688","1.0"
"steam_games_1969","wikidata_24110","0.8333333333333334"
"steam_games_1910","wikidata_4557","1.0"
"steam_games_448","wikidata_35319","0.9714285714285714"
"steam_games_5821","wikidata_33019","1.0"
"steam_games_1926","wikidata_26707","1.0"
"steam_games_276","wikidata_14781","0.9166666666666667"
"steam_games_3268","wikidata_20972","0.9580882352941177"
"steam_games_131","wikidata_32429","0.9166666666666667"
"steam_games_1667","wikidata_14664","0.9598765432098766"
"steam_games_76","wikidata_15647","0.8650252525252525"
"steam_games_501","wikidata_7490","0.9166666666666667"
"steam_games_1575","wikidata_32063","1.0"
"steam_games_3269","wikidata_20975","0.9580882352941177"
"steam_games_2525","wikidata_26304","1.0"
"steam_games_12639","wikidata_34703","1.0"
"steam_games_1401","wikidata_32190","0.9166666666666667"
"steam_games_540","wikidata_17071","1.0"
"steam_games_11127","wikidata_24839","0.984375"
"steam_games_2523","wikidata_26306","1.0"
"steam_games_3198","wikidata_34658","1.0"
"steam_games_3199","wikidata_34659","1.0"
"steam_games_3008","wikidata_19835","1.0"
"steam_games_9706","wikidata_17533","0.9733333333333334"
"steam_games_79","wikidata_12562","1.0"
"steam_games_1525","wikidata_22304","0.8530092592592593"
"steam_games_326","wikidata_16306","0.7619047619047619"
"steam_games_2856","wikidata_26171","1.0"
"steam_games_1168","wikidata_14249","0.9166666666666667"
"steam_games_14633","wikidata_32955","1.0"
"steam_games_31971","wikidata_14319","0.9559829059829059"
"steam_games_1708","wikidata_28025","1.0"
"steam_games_1694","wikidata_15732","0.960385101010101"
"steam_games_3365","wikidata_27735","0.8700396825396826"
"steam_games_21105","wikidata_34706","0.8529255319148936"
"steam_games_35655","wikidata_18446","1.0"
"steam_games_1668","wikidata_14662","0.9598765432098766"
"steam_games_3269","wikidata_20972","0.9580882352941177"
"steam_games_325","wikidata_16305","0.7619047619047619"
"steam_games_305","wikidata_13733","0.8470833333333333"
"steam_games_3268","wikidata_20975","0.9580882352941177"
"steam_games_20071","wikidata_30769","0.9863636363636363"
"steam_games_3198","wikidata_34659","1.0"
"steam_games_3199","wikidata_34658","1.0"
"steam_games_79","wikidata_12563","1.0"
"steam_games_1524","wikidata_22304","0.8530092592592593"
"steam_games_26741","wikidata_24607","1.0"
"steam_games_3366","wikidata_27735","0.8700396825396826"
"steam_games_8010","wikidata_19828","0.9823529411764707"
"steam_games_2976","wikidata_32140","1.0"
"steam_games_1101","wikidata_17548","1.0"
"steam_games_1666","wikidata_14661","0.9598765432098766"
"steam_games_35655","wikidata_18447","1.0"
"steam_games_1667","wikidata_14662","0.9598765432098766"
"steam_games_324","wikidata_16305","0.7619047619047619"
"steam_games_304","wikidata_13733","0.8470833333333333"
"steam_games_509","wikidata_5775","1.0"
"steam_games_3268","wikidata_20974","0.9580882352941177"
"steam_games_1050","wikidata_19817","1.0"
"steam_games_1646","wikidata_18486","0.9961538461538462"
"steam_games_9611","wikidata_8134","0.941958041958042"
"steam_games_2098","wikidata_17438","0.8952380952380952"
"steam_games_1618","wikidata_33950","0.775"
"steam_games_1525","wikidata_22302","0.8530092592592593"
"steam_games_538","wikidata_17573","1.0"
"steam_games_681","wikidata_26786","0.7721815221815223"
"steam_games_1694","wikidata_15734","0.960385101010101"
"steam_games_305","wikidata_13735","0.8470833333333333"
"steam_games_3367","wikidata_27735","0.8700396825396826"
"steam_games_35656","wikidata_18447","1.0"
"steam_games_1667","wikidata_14661","0.9598765432098766"
"steam_games_8011","wikidata_19828","0.9823529411764707"
"steam_games_31908","wikidata_32211","1.0"
"steam_games_1525","wikidata_22301","0.8530092592592593"
"steam_games_1666","wikidata_14662","0.9598765432098766"
"steam_games_3269","wikidata_20970","0.9580882352941177"
"steam_games_324","wikidata_16306","0.7619047619047619"
"steam_games_3268","wikidata_20977","0.9580882352941177"
"steam_games_370","wikidata_28649","0.976"
"steam_games_9610","wikidata_8135","0.941958041958042"
"steam_games_8009","wikidata_19831","0.9823529411764707"
"steam_games_9611","wikidata_8135","0.941958041958042"
"steam_games_4841","wikidata_29013","1.0"
"steam_games_79","wikidata_12561","1.0"
"steam_games_1619","wikidata_33950","0.775"
"steam_games_326","wikidata_16305","0.7619047619047619"
"steam_games_1524","wikidata_22302","0.8530092592592593"
"steam_games_2856","wikidata_26170","1.0"
"steam_games_1647","wikidata_14243","1.0"
"steam_games_304","wikidata_13735","0.8470833333333333"
"steam_games_1668","wikidata_14661","0.9598765432098766"
"steam_games_31909","wikidata_32211","1.0"
"steam_games_35656","wikidata_18446","1.0"
"steam_games_1524","wikidata_22301","0.8530092592592593"
"steam_games_325","wikidata_16306","0.7619047619047619"
"steam_games_28617","wikidata_34378","1.0"
"steam_games_8009","wikidata_19832","0.9823529411764707"
"steam_games_103","wikidata_10075","1.0"
"steam_games_9610","wikidata_8134","0.941958041958042"
"steam_games_3692","wikidata_24568","1.0"
"steam_games_23822","wikidata_17408","0.9625"
"steam_games_1584","wikidata_927","0.9166666666666667"
"steam_games_2678","wikidata_31000","1.0"
"steam_games_370","wikidata_28647","0.976"
"steam_games_23018","wikidata_10809","1.0"
"steam_games_1583","wikidata_930","0.9166666666666667"
"steam_games_78","wikidata_12561","1.0"
"steam_games_23823","wikidata_17409","0.9625"
"steam_games_12590","wikidata_32193","0.9833333333333334"
"steam_games_1866","wikidata_32661","1.0"
"steam_games_9706","wikidata_26696","0.9733333333333334"
"steam_games_6040","wikidata_32165","1.0"
"steam_games_1867","wikidata_32662","1.0"
"steam_games_1","wikidata_744","0.8813725490196078"
"steam_games_2","wikidata_743","0.8813725490196078"
"steam_games_1585","wikidata_928","0.9166666666666667"
"steam_games_2327","wikidata_25592","1.0"
"steam_games_324","wikidata_16300","0.7619047619047619"
"steam_games_6418","wikidata_24189","1.0"
"steam_games_12590","wikidata_32192","0.9833333333333334"
"steam_games_30","wikidata_17337","0.9647058823529412"
"steam_games_23019","wikidata_10809","1.0"
"steam_games_42","wikidata_17349","0.9647058823529412"
"steam_games_138","wikidata_20282","0.8333333333333334"
"steam_games_84","wikidata_1157","1.0"
"steam_games_6845","wikidata_10696","1.0"
"steam_games_1585","wikidata_927","0.9166666666666667"
"steam_games_33405","wikidata_19898","1.0"
"steam_games_23019","wikidata_10807","1.0"
"steam_games_23018","wikidata_10808","1.0"
"steam_games_77","wikidata_12561","1.0"
"steam_games_9073","wikidata_22723","1.0"
"steam_games_6041","wikidata_32165","1.0"
"steam_games_1866","wikidata_32662","1.0"
"steam_games_1767","wikidata_32963","1.0"
"steam_games_1","wikidata_743","0.8813725490196078"
"steam_games_2","wikidata_744","0.8813725490196078"
"steam_games_1584","wikidata_928","0.9166666666666667"
"steam_games_2327","wikidata_25593","1.0"
"steam_games_1972","wikidata_18130","0.821813725490196"
"steam_games_1867","wikidata_32661","1.0"
"steam_games_1868","wikidata_32660","1.0"
"steam_games_325","wikidata_16300","0.7619047619047619"
"steam_games_6419","wikidata_24189","1.0"
"steam_games_1650","wikidata_18815","0.9666666666666667"
"steam_games_17279","wikidata_32970","0.893939393939394"
"steam_games_30","wikidata_17338","0.9647058823529412"
"steam_games_467","wikidata_18751","0.7730130249867092"
"steam_games_23019","wikidata_10808","1.0"
"steam_games_41","wikidata_17349","0.9647058823529412"
"steam_games_23018","wikidata_10807","1.0"
"steam_games_6845","wikidata_10695","1.0"
"steam_games_2676","wikidata_31000","1.0"
"steam_games_6844","wikidata_10696","1.0"
"steam_games_78","wikidata_12563","1.0"
"steam_games_77","wikidata_12562","1.0"
"steam_games_311","wikidata_30839","1.0"
"steam_games_2327","wikidata_25594","1.0"
"steam_games_1768","wikidata_32963","1.0"
"steam_games_1867","wikidata_32660","1.0"
"steam_games_1868","wikidata_32661","1.0"
"steam_games_2","wikidata_745","0.8813725490196078"
"steam_games_326","wikidata_16300","0.7619047619047619"
"steam_games_577","wikidata_26616","0.9166666666666667"
"steam_games_5603","wikidata_24461","0.9847402597402597"
"steam_games_2742","wikidata_32089","0.9602678571428571"
"steam_games_4592","wikidata_22769","0.9648648648648649"
"steam_games_12515","wikidata_33784","1.0"
"steam_games_6419","wikidata_24188","1.0"
"steam_games_606","wikidata_15710","1.0"
"steam_games_331","wikidata_30969","0.9666666666666667"
"steam_games_1268","wikidata_6051","1.0"
"steam_games_197","wikidata_14","0.9166666666666667"
"steam_games_8072","wikidata_8150","1.0"
"steam_games_40","wikidata_17349","0.9647058823529412"
"steam_games_666","wikidata_34769","1.0"
"steam_games_86","wikidata_1157","1.0"
"steam_games_6844","wikidata_10695","1.0"
"steam_games_23822","wikidata_17409","0.9625"
"steam_games_2677","wikidata_31000","1.0"
"steam_games_6843","wikidata_10696","1.0"
"steam_games_23823","wikidata_17408","0.9625"
"steam_games_78","wikidata_12562","1.0"
"steam_games_77","wikidata_12563","1.0"
"steam_games_1360","wikidata_15292","0.9666666666666667"
"steam_games_1866","wikidata_32660","1.0"
"steam_games_60","wikidata_35340","0.9647058823529412"
"steam_games_9270","wikidata_24239","1.0"
"steam_games_1","wikidata_745","0.8813725490196078"
"steam_games_1868","wikidata_32662","1.0"
"steam_games_1769","wikidata_32963","1.0"
"steam_games_9420","wikidata_15319","1.0"
"steam_games_330","wikidata_30969","0.9666666666666667"
"steam_games_12515","wikidata_33785","1.0"
"steam_games_6418","wikidata_24188","1.0"
"steam_games_196","wikidata_14","0.9166666666666667"
"steam_games_6843","wikidata_10695","1.0"
"steam_games_85","wikidata_1157","1.0"
"steam_games_469","wikidata_10467","1.0"
"steam_games_1183","wikidata_29079","0.8706349206349207"
"steam_games_6209","wikidata_28816","1.0"
"steam_games_3122","wikidata_32296","0.8752136752136752"
"steam_games_2540","wikidata_24563","1.0"
"steam_games_16757","wikidata_20433","0.9663461538461539"
"steam_games_12203","wikidata_19852","0.9166666666666667"
"steam_games_1910","wikidata_4556","1.0"
"steam_games_12506","wikidata_22715","1.0"
"steam_games_6417","wikidata_24188","1.0"
"steam_games_2325","wikidata_25594","1.0"
"steam_games_12516","wikidata_33785","1.0"
"steam_games_1561","wikidata_15751","0.97"
"steam_games_1420","wikidata_32982","1.0"
"steam_games_2294","wikidata_25654","1.0"
"steam_games_3270","wikidata_20965","0.9580882352941177"
"steam_games_196","wikidata_15","0.9166666666666667"
"steam_games_80","wikidata_5273","1.0"
"steam_games_1575","wikidata_32064","1.0"
"steam_games_2525","wikidata_26305","1.0"
"steam_games_659","wikidata_4507","1.0"
"steam_games_82","wikidata_5275","1.0"
"steam_games_81","wikidata_5274","1.0"
"steam_games_85","wikidata_1158","1.0"
"steam_games_86","wikidata_1159","1.0"
"steam_games_6843","wikidata_10694","1.0"
"steam_games_2524","wikidata_26306","1.0"
"steam_games_5604","wikidata_24461","0.9847402597402597"
"steam_games_6208","wikidata_28816","1.0"
"steam_games_2540","wikidata_24564","1.0"
"steam_games_3","wikidata_745","0.8813725490196078"
"steam_games_2326","wikidata_25594","1.0"
"steam_games_622","wikidata_2932","1.0"
"steam_games_4591","wikidata_22769","0.9648648648648649"
"steam_games_12516","wikidata_33784","1.0"
"steam_games_1972","wikidata_18134","0.821813725490196"
"steam_games_2294","wikidata_25655","1.0"
"steam_games_3270","wikidata_20964","0.9580882352941177"
"steam_games_541","wikidata_16176","0.7746031746031745"
"steam_games_1575","wikidata_32065","1.0"
"steam_games_2524","wikidata_26305","1.0"
"steam_games_2523","wikidata_26304","1.0"
"steam_games_81","wikidata_5275","1.0"
"steam_games_86","wikidata_1158","1.0"
"steam_games_85","wikidata_1159","1.0"
"steam_games_197","wikidata_15","0.9166666666666667"
"steam_games_15667","wikidata_27758","0.978125"
"steam_games_82","wikidata_5274","1.0"
"steam_games_2548","wikidata_18673","0.9130952380952382"
"steam_games_2525","wikidata_26306","1.0"
"steam_games_6844","wikidata_10694","1.0"
"steam_games_12267","wikidata_10690","1.0"
"steam_games_40","wikidata_17348","0.9647058823529412"
"steam_games_49","wikidata_17329","0.9647058823529412"
"steam_games_1360","wikidata_15295","0.9666666666666667"
"steam_games_448","wikidata_35316","0.9714285714285714"
"steam_games_4793","wikidata_10802","1.0"
"steam_games_32264","wikidata_29811","0.9106742981283422"
"steam_games_1205","wikidata_16672","1.0"
"steam_games_6041","wikidata_32166","1.0"
"steam_games_2325","wikidata_25592","1.0"
"steam_games_2326","wikidata_25593","1.0"
"steam_games_3","wikidata_744","0.8813725490196078"
"steam_games_6550","wikidata_28240","1.0"
"steam_games_1816","wikidata_29162","0.9473866959064328"
"steam_games_684","wikidata_16342","0.7721815221815223"
"steam_games_82","wikidata_5273","1.0"
"steam_games_84","wikidata_1159","1.0"
"steam_games_750","wikidata_25666","0.9166666666666667"
"steam_games_1599","wikidata_4122","1.0"
"steam_games_80","wikidata_5275","1.0"
"steam_games_41","wikidata_17348","0.9647058823529412"
"steam_games_362","wikidata_13949","1.0"
"steam_games_542","wikidata_17650","0.7873482726423904"
"steam_games_216","wikidata_22257","0.9166666666666667"
"steam_games_12268","wikidata_10690","1.0"
"steam_games_6845","wikidata_10694","1.0"
"steam_games_1574","wikidata_32065","1.0"
"steam_games_1573","wikidata_32064","1.0"
"steam_games_4792","wikidata_10802","1.0"
"steam_games_1205","wikidata_16673","1.0"
"steam_games_543","wikidata_16262","0.8555148555148555"
"steam_games_6040","wikidata_32166","1.0"
"steam_games_3","wikidata_743","0.8813725490196078"
"steam_games_2325","wikidata_25593","1.0"
"steam_games_6417","wikidata_24189","1.0"
"steam_games_2326","wikidata_25592","1.0"
"steam_games_9424","wikidata_28258","0.9807692307692308"
"steam_games_81","wikidata_5273","1.0"
"steam_games_422","wikidata_35031","0.9166666666666667"
"steam_games_84","wikidata_1158","1.0"
"steam_games_80","wikidata_5274","1.0"
"steam_games_42","wikidata_17348","0.9647058823529412"
"steam_games_1574","wikidata_32064","1.0"
"steam_games_2548","wikidata_18675","0.9130952380952382"
"steam_games_1573","wikidata_32065","1.0"
"steam_games_12269","wikidata_10690","1.0"
"steam_games_6417","wikidata_24202","1.0"
"steam_games_20762","wikidata_24572","1.0"
"steam_games_6849","wikidata_26954","0.8037037037037037"
"steam_games_3743","wikidata_32958","1.0"
"steam_games_5260","wikidata_19867","0.8659188034188035"
"steam_games_3744","wikidata_32957","1.0"
"steam_games_4627","wikidata_14111","0.9141798941798942"
"steam_games_1625","wikidata_683","1.0"
"steam_games_3002","wikidata_9371","0.8333333333333334"
"steam_games_493","wikidata_26313","0.9693877551020408"
"steam_games_1624","wikidata_684","1.0"
"steam_games_12504","wikidata_33036","1.0"
"steam_games_22842","wikidata_22626","1.0"
"steam_games_3270","wikidata_20969","0.9580882352941177"
"steam_games_13527","wikidata_9444","1.0"
"steam_games_2827","wikidata_24243","1.0"
"steam_games_1620","wikidata_33950","0.775"
"steam_games_2457","wikidata_28201","1.0"
"steam_games_446","wikidata_35316","0.9714285714285714"
"steam_games_447","wikidata_35316","0.9714285714285714"
"steam_games_20763","wikidata_24572","1.0"
"steam_games_5260","wikidata_19868","0.8659188034188035"
"steam_games_32265","wikidata_29811","0.9106742981283422"
"steam_games_3743","wikidata_32957","1.0"
"steam_games_3744","wikidata_32958","1.0"
"steam_games_1625","wikidata_684","1.0"
"steam_games_21981","wikidata_30820","1.0"
"steam_games_22842","wikidata_22624","1.0"
"steam_games_1623","wikidata_682","1.0"
"steam_games_329","wikidata_30970","0.9666666666666667"
"steam_games_1592","wikidata_4147","1.0"
"steam_games_1624","wikidata_683","1.0"
"steam_games_22842","wikidata_22625","1.0"
"steam_games_2828","wikidata_24243","1.0"
"steam_games_1060","wikidata_35330","1.0"
"steam_games_421","wikidata_3043","0.8833333333333333"
"steam_games_3745","wikidata_32958","1.0"
"steam_games_1181","wikidata_29079","0.8706349206349207"
"steam_games_133","wikidata_30142","0.976"
"steam_games_12589","wikidata_32192","0.9833333333333334"
"steam_games_20763","wikidata_24573","1.0"
"steam_games_6847","wikidata_26954","0.8037037037037037"
"steam_games_4924","wikidata_32945","0.9066666666666667"
"steam_games_6417","wikidata_24204","1.0"
"steam_games_3004","wikidata_9371","0.8333333333333334"
"steam_games_491","wikidata_26313","0.9693877551020408"
"steam_games_799","wikidata_16867","0.895014245014245"
"steam_games_1624","wikidata_682","1.0"
"steam_games_1623","wikidata_683","1.0"
"steam_games_3270","wikidata_20967","0.9580882352941177"
"steam_games_2455","wikidata_28201","1.0"
"steam_games_2522","wikidata_21322","1.0"
"steam_games_7896","wikidata_13902","0.8333333333333334"
"steam_games_6774","wikidata_35371","1.0"
"steam_games_12589","wikidata_32193","0.9833333333333334"
"steam_games_421","wikidata_3044","0.8833333333333333"
"steam_games_8369","wikidata_33380","0.9091911764705882"
"steam_games_1182","wikidata_29079","0.8706349206349207"
"steam_games_3745","wikidata_32957","1.0"
"steam_games_134","wikidata_30142","0.976"
"steam_games_20762","wikidata_24573","1.0"
"steam_games_6417","wikidata_24203","1.0"
"steam_games_6848","wikidata_26954","0.8037037037037037"
"steam_games_1079","wikidata_20912","0.9630952380952381"
"steam_games_685","wikidata_28480","1.0"
"steam_games_2293","wikidata_29798","1.0"
"steam_games_3003","wikidata_9371","0.8333333333333334"
"steam_games_492","wikidata_26313","0.9693877551020408"
"steam_games_1625","wikidata_682","1.0"
"steam_games_1623","wikidata_684","1.0"
"steam_games_28882","wikidata_35435","1.0"
"steam_games_2826","wikidata_24243","1.0"
"steam_games_2456","wikidata_28201","1.0"
"steam_games_4324","wikidata_26858","0.9043827016972797"
"steam_games_8368","wikidata_33380","0.9091911764705882"
"steam_games_421","wikidata_3045","0.8833333333333333"
"steam_games_60","wikidata_35337","0.9647058823529412"
"steam_games_41","wikidata_17350","0.9647058823529412"
"steam_games_27669","wikidata_28268","1.0"
"steam_games_27668","wikidata_28267","1.0"
"steam_games_2446","wikidata_2090","0.9166666666666667"
"steam_games_492","wikidata_26312","0.9693877551020408"
"steam_games_1967","wikidata_24109","0.8333333333333334"
"steam_games_5651","wikidata_26207","0.8174908424908425"
"steam_games_2283","wikidata_17856","1.0"
"steam_games_3593","wikidata_10692","1.0"
"steam_games_39966","wikidata_34718","0.9884615384615385"
"steam_games_1383","wikidata_27469","0.9833333333333334"
"steam_games_23020","wikidata_10814","1.0"
"steam_games_2365","wikidata_32776","1.0"
"steam_games_3200","wikidata_34658","1.0"
"steam_games_39965","wikidata_34719","0.9884615384615385"
"steam_games_6419","wikidata_24204","1.0"
"steam_games_6418","wikidata_24203","1.0"
"steam_games_3594","wikidata_10691","1.0"
"steam_games_542","wikidata_17644","0.7873482726423904"
"steam_games_6049","wikidata_24310","1.0"
"steam_games_2740","wikidata_34656","1.0"
"steam_games_13123","wikidata_15279","1.0"
"steam_games_2445","wikidata_2090","0.9166666666666667"
"steam_games_60","wikidata_35338","0.9647058823529412"
"steam_games_577","wikidata_31143","0.9166666666666667"
"steam_games_42","wikidata_17350","0.9647058823529412"
"steam_games_1384","wikidata_27467","0.9833333333333334"
"steam_games_1950","wikidata_15670","1.0"
"steam_games_27668","wikidata_28268","1.0"
"steam_games_27669","wikidata_28267","1.0"
"steam_games_5652","wikidata_26207","0.8174908424908425"
"steam_games_491","wikidata_26312","0.9693877551020408"
"steam_games_611","wikidata_29664","0.9051470588235294"
"steam_games_369","wikidata_28647","0.976"
"steam_games_23020","wikidata_10813","1.0"
"steam_games_2741","wikidata_34656","1.0"
"steam_games_900","wikidata_35253","1.0"
"steam_games_433","wikidata_9299","1.0"
"steam_games_3593","wikidata_10691","1.0"
"steam_games_39966","wikidata_34719","0.9884615384615385"
"steam_games_2365","wikidata_32775","1.0"
"steam_games_6419","wikidata_24203","1.0"
"steam_games_6418","wikidata_24204","1.0"
"steam_games_13124","wikidata_15279","1.0"
"steam_games_3200","wikidata_34659","1.0"
"steam_games_6048","wikidata_24310","1.0"
"steam_games_39965","wikidata_34718","0.9884615384615385"
"steam_games_3594","wikidata_10692","1.0"
"steam_games_2445","wikidata_2091","0.9166666666666667"
"steam_games_27669","wikidata_28266","1.0"
"steam_games_1969","wikidata_24109","0.8333333333333334"
"steam_games_1585","wikidata_930","0.9166666666666667"
"steam_games_5653","wikidata_26207","0.8174908424908425"
"steam_games_2446","wikidata_2092","0.9166666666666667"
"steam_games_22841","wikidata_22624","1.0"
"steam_games_1583","wikidata_928","0.9166666666666667"
"steam_games_644","wikidata_5601","0.8876344086021506"
"steam_games_2587","wikidata_28399","0.9733333333333334"
"steam_games_2363","wikidata_32776","1.0"
"steam_games_12502","wikidata_33036","1.0"
"steam_games_22840","wikidata_22626","1.0"
"steam_games_4635","wikidata_20721","1.0"
"steam_games_22841","wikidata_22625","1.0"
"steam_games_23020","wikidata_10812","1.0"
"steam_games_2364","wikidata_32775","1.0"
"steam_games_2551","wikidata_31816","1.0"
"steam_games_6419","wikidata_24202","1.0"
"steam_games_5893","wikidata_28008","0.9704545454545455"
"steam_games_1909","wikidata_4557","1.0"
"steam_games_3594","wikidata_10693","1.0"
"steam_games_30","wikidata_17340","0.9647058823529412"
"steam_games_1583","wikidata_927","0.9166666666666667"
"steam_games_22507","wikidata_34184","0.9961538461538462"
"steam_games_1968","wikidata_24109","0.8333333333333334"
"steam_games_27668","wikidata_28266","1.0"
"steam_games_1584","wikidata_930","0.9166666666666667"
"steam_games_2446","wikidata_2091","0.9166666666666667"
"steam_games_40","wikidata_17350","0.9647058823529412"
"steam_games_493","wikidata_26312","0.9693877551020408"
"steam_games_865","wikidata_35107","1.0"
"steam_games_25521","wikidata_33052","0.9772727272727273"
"steam_games_2588","wikidata_28399","0.9733333333333334"
"steam_games_2445","wikidata_2092","0.9166666666666667"
"steam_games_22840","wikidata_22624","1.0"
"steam_games_3593","wikidata_10693","1.0"
"steam_games_2363","wikidata_32775","1.0"
"steam_games_22840","wikidata_22625","1.0"
"steam_games_12503","wikidata_33036","1.0"
"steam_games_22841","wikidata_22626","1.0"
"steam_games_2364","wikidata_32776","1.0"
"steam_games_13860","wikidata_26242","1.0"
"steam_games_6418","wikidata_24202","1.0"
"steam_games_1549","wikidata_31439","0.8333333333333334"
"steam_games_18425","wikidata_24490","0.995"
"steam_games_13122","wikidata_15279","1.0"
"steam_games_23806","wikidata_18107","1.0"
"steam_games_1309","wikidata_5800","1.0"
"steam_games_12268","wikidata_10689","1.0"
"steam_games_2420","wikidata_35974","1.0"
"steam_games_12269","wikidata_10688","1.0"
"steam_games_11773","wikidata_15312","1.0"
"steam_games_1061","wikidata_31815","1.0"
"steam_games_14272","wikidata_24393","1.0"
"steam_games_5802","wikidata_13625","0.97"
"steam_games_3592","wikidata_10693","1.0"
"steam_games_10328","wikidata_34690","1.0"
"steam_games_2691","wikidata_19764","0.8402777777777777"
"steam_games_33721","wikidata_33053","0.9772727272727273"
"steam_games_2420","wikidata_35975","1.0"
"steam_games_49","wikidata_17331","0.9647058823529412"
"steam_games_2421","wikidata_35976","1.0"
"steam_games_1225","wikidata_34373","0.9631578947368421"
"steam_games_14271","wikidata_24394","1.0"
"steam_games_65","wikidata_15390","0.8813725490196078"
"steam_games_2421","wikidata_35974","1.0"
"steam_games_12269","wikidata_10689","1.0"
"steam_games_18410","wikidata_24412","1.0"
"steam_games_12268","wikidata_10688","1.0"
"steam_games_10908","wikidata_14829","0.874914089347079"
"steam_games_6550","wikidata_28237","1.0"
"steam_games_779","wikidata_15452","0.9166666666666667"
"steam_games_8011","wikidata_19829","0.9823529411764707"
"steam_games_10329","wikidata_34690","1.0"
"steam_games_14272","wikidata_24394","1.0"
"steam_games_1373","wikidata_13366","1.0"
"steam_games_5003","wikidata_35908","1.0"
"steam_games_19569","wikidata_35103","0.9460028248587571"
"steam_games_542","wikidata_17647","0.7873482726423904"
"steam_games_707","wikidata_678","1.0"
"steam_games_2421","wikidata_35975","1.0"
"steam_games_2420","wikidata_35976","1.0"
"steam_games_3820","wikidata_27893","0.775"
"steam_games_12897","wikidata_9354","0.98125"
"steam_games_1909","wikidata_4556","1.0"
"steam_games_708","wikidata_679","1.0"
"steam_games_14271","wikidata_24393","1.0"
"steam_games_7166","wikidata_17622","0.9852941176470589"
"steam_games_2422","wikidata_35974","1.0"
"steam_games_12267","wikidata_10688","1.0"
"steam_games_64","wikidata_15390","0.8813725490196078"
"steam_games_10909","wikidata_14825","0.874914089347079"
"steam_games_5184","wikidata_15102","0.9432051282051281"
"steam_games_8885","wikidata_18537","0.9714285714285714"
"steam_games_8886","wikidata_18536","0.9714285714285714"
"steam_games_8010","wikidata_19829","0.9823529411764707"
"steam_games_5004","wikidata_35908","1.0"
"steam_games_12637","wikidata_26961","1.0"
"steam_games_16195","wikidata_26210","1.0"
"steam_games_19569","wikidata_35102","0.9460028248587571"
"steam_games_3592","wikidata_10691","1.0"
"steam_games_1074","wikidata_22553","0.98"
"steam_games_708","wikidata_678","1.0"
"steam_games_3820","wikidata_27894","0.775"
"steam_games_2422","wikidata_35975","1.0"
"steam_games_707","wikidata_679","1.0"
"steam_games_31910","wikidata_32210","1.0"
"steam_games_23806","wikidata_18108","1.0"
"steam_games_8211","wikidata_34178","1.0"
"steam_games_7166","wikidata_17621","0.9852941176470589"
"steam_games_63","wikidata_15390","0.8813725490196078"
"steam_games_12267","wikidata_10689","1.0"
"steam_games_308","wikidata_27991","1.0"
"steam_games_309","wikidata_14749","1.0"
"steam_games_369","wikidata_28649","0.976"
"steam_games_6550","wikidata_28239","1.0"
"steam_games_3592","wikidata_10692","1.0"
"steam_games_8886","wikidata_18537","0.9714285714285714"
"steam_games_5803","wikidata_13625","0.97"
"steam_games_10327","wikidata_34690","1.0"
"steam_games_8885","wikidata_18536","0.9714285714285714"
"steam_games_5005","wikidata_35908","1.0"
"steam_games_3820","wikidata_27895","0.775"
"steam_games_16196","wikidata_26210","1.0"
"steam_games_19569","wikidata_35101","0.9460028248587571"
"steam_games_1154","wikidata_27219","0.9388481888481889"
"steam_games_2093","wikidata_34309","0.960185687178097"
"steam_games_2422","wikidata_35976","1.0"
"steam_games_32252","wikidata_16844","0.98125"
"steam_games_32251","wikidata_16845","0.98125"
"steam_games_8838","wikidata_35948","1.0"
"steam_games_31910","wikidata_32211","1.0"
"steam_games_56","wikidata_17343","0.9647058823529412"
"steam_games_144","wikidata_11831","1.0"
"steam_games_143","wikidata_11830","1.0"
"steam_games_861","wikidata_20747","0.8998076923076923"
"steam_games_64","wikidata_15392","0.8813725490196078"
"steam_games_28373","wikidata_10758","1.0"
"steam_games_447","wikidata_35319","0.9714285714285714"
"steam_games_560","wikidata_34622","1.0"
"steam_games_561","wikidata_34621","1.0"
"steam_games_19567","wikidata_35102","0.9460028248587571"
"steam_games_39","wikidata_6020","0.9647058823529412"
"steam_games_11585","wikidata_15959","1.0"
"steam_games_5803","wikidata_13620","0.97"
"steam_games_6467","wikidata_21289","1.0"
"steam_games_7878","wikidata_22712","0.9875"
"steam_games_19568","wikidata_35101","0.9460028248587571"
"steam_games_2961","wikidata_17397","0.9051470588235294"
"steam_games_2092","wikidata_34309","0.960185687178097"
"steam_games_20589","wikidata_16782","0.98125"
"steam_games_20588","wikidata_16781","0.98125"
"steam_games_469","wikidata_18270","1.0"
"steam_games_2424","wikidata_19756","1.0"
"steam_games_32252","wikidata_16845","0.98125"
"steam_games_32251","wikidata_16844","0.98125"
"steam_games_388","wikidata_3165","1.0"
"steam_games_143","wikidata_11831","1.0"
"steam_games_144","wikidata_11830","1.0"
"steam_games_10908","wikidata_14825","0.874914089347079"
"steam_games_63","wikidata_15392","0.8813725490196078"
"steam_games_277","wikidata_1111","0.8333333333333334"
"steam_games_5689","wikidata_16937","0.9895833333333333"
"steam_games_1168","wikidata_14252","0.9166666666666667"
"steam_games_55","wikidata_17343","0.9647058823529412"
"steam_games_15981","wikidata_33223","1.0"
"steam_games_26486","wikidata_26939","1.0"
"steam_games_446","wikidata_35319","0.9714285714285714"
"steam_games_5952","wikidata_21530","0.9091911764705882"
"steam_games_19567","wikidata_35101","0.9460028248587571"
"steam_games_20589","wikidata_16783","0.98125"
"steam_games_38","wikidata_6020","0.9647058823529412"
"steam_games_11584","wikidata_15959","1.0"
"steam_games_2120","wikidata_6005","1.0"
"steam_games_560","wikidata_34621","1.0"
"steam_games_561","wikidata_34622","1.0"
"steam_games_621","wikidata_21630","0.8872549019607843"
"steam_games_7878","wikidata_22713","0.9875"
"steam_games_1581","wikidata_28388","0.825595238095238"
"steam_games_276","wikidata_14795","0.8333333333333333"
"steam_games_7879","wikidata_22714","0.9875"
"steam_games_19568","wikidata_35102","0.9460028248587571"
"steam_games_2962","wikidata_17397","0.9051470588235294"
"steam_games_20587","wikidata_16781","0.98125"
"steam_games_347","wikidata_34420","1.0"
"steam_games_18668","wikidata_15356","0.9916666666666667"
"steam_games_8220","wikidata_13242","0.888095238095238"
"steam_games_9461","wikidata_14282","0.8926094890510949"
"steam_games_5260","wikidata_19869","0.8659188034188035"
"steam_games_145","wikidata_11830","1.0"
"steam_games_6300","wikidata_35924","0.9166666666666667"
"steam_games_2634","wikidata_28003","0.9704545454545455"
"steam_games_6302","wikidata_35922","0.9166666666666667"
"steam_games_10909","wikidata_14829","0.874914089347079"
"steam_games_329","wikidata_30971","0.9666666666666667"
"steam_games_18633","wikidata_33497","0.8333333333333334"
"steam_games_37","wikidata_6020","0.9647058823529412"
"steam_games_20588","wikidata_16783","0.98125"
"steam_games_19568","wikidata_35103","0.9460028248587571"
"steam_games_7879","wikidata_22713","0.9875"
"steam_games_7878","wikidata_22714","0.9875"
"steam_games_15576","wikidata_5901","1.0"
"steam_games_2098","wikidata_17442","0.8952380952380952"
"steam_games_20587","wikidata_16782","0.98125"
"steam_games_2961","wikidata_17399","0.9051470588235294"
"steam_games_388","wikidata_3167","1.0"
"steam_games_57","wikidata_17343","0.9647058823529412"
"steam_games_1061","wikidata_31812","1.0"
"steam_games_145","wikidata_11831","1.0"
"steam_games_1168","wikidata_14254","0.9166666666666667"
"steam_games_1647","wikidata_14239","1.0"
"steam_games_6301","wikidata_35924","0.9166666666666667"
"steam_games_65","wikidata_15392","0.8813725490196078"
"steam_games_6302","wikidata_35923","0.9166666666666667"
"steam_games_16530","wikidata_10796","0.98125"
"steam_games_11586","wikidata_15959","1.0"
"steam_games_15981","wikidata_33220","1.0"
"steam_games_271","wikidata_2521","0.9166666666666667"
"steam_games_19567","wikidata_35103","0.9460028248587571"
"steam_games_20587","wikidata_16783","0.98125"
"steam_games_7879","wikidata_22712","0.9875"
"steam_games_5802","wikidata_13620","0.97"
"steam_games_2120","wikidata_6003","1.0"
"steam_games_2551","wikidata_21426","1.0"
"steam_games_20589","wikidata_16781","0.98125"
"steam_games_20588","wikidata_16782","0.98125"
"steam_games_2962","wikidata_17399","0.9051470588235294"
