"Blocking Key Value","Frequency"
"最终X","3"
"TRSH/pc","1"
"AIANpc","1"
"DYWAGOP","1"
"MUMOWOpc","1"
"AMSP3:G","1"
"JECHRPpc","1"
"THFEpc","1"
"LEOFKAD","1"
"SPCAFIpc","1"
"BAm","1"
"GOKEpc","1"
"REEV(ON","1"
"REEV(OP","1"
"最终N","3"
"ORDRpc","1"
"REEV(OS","1"
"SU2N","1"
"AMTAADpc","1"
"RAWEFIN","1"
"最终P","7"
"REOFISpc","2"
"ZAPIpc","3"
"NIPRNEN","1"
"侠隐ARCRpc","1"
"LEOFKAX","2"
"TRANI™pc","1"
"GOOFLIpc","1"
"NEKNVEpc","1"
"SUPLpc","3"
"ENCOTUpc","3"
"NATHGAX","1"
"00AGUNN","1"
"00AGUNX","1"
"MOBANAS","2"
"最终i","1"
"ALITpc","3"
"BLANAEpc","2"
"00AGUNP","1"
"LEOFKAP","3"
"SOPA10m","1"
"NATHGAP","1"
"CHGIPAN","1"
"MOBANAD","1"
"GRVRPRpc","1"
"ร็X:คอP","1"
"MILIpc","3"
"UNTO3pc","2"
"XEARpc","1"
"SCFISTpc","1"
"ICADEP","1"
"TRSQpc","2"
"POSUVƏN","1"
"ADCOSED","1"
"ADCOSEC","2"
"ADCOSEA","1"
"JAWO-pc","2"
"WHATRpc","2"
"REFO-pc","3"
"TICAVRpc","1"
"LE(CFRP","1"
"RESHpc","1"
"ULLOPUpc","2"
"BEA","6"
"BIOFYOpc","1"
"BEC","1"
"BEF","1"
"DEJAFIP","4"
"RIRATHpc","1"
"SNELIIpc","1"
"BEH","1"
"DEJAFIN","3"
"BEJ","1"
"SU2P","1"
"CUCUBUpc","1"
"TRDEN","1"
"DEJAFIX","3"
"BEM","1"
"BEP","1"
"SCNABAP","1"
"STSATRN","1"
"SCNABAN","2"
"GLPEpc","1"
"BEV","1"
"J.AMTHpc","3"
"BEX","1"
"BEZ","2"
"TRDEP","2"
"WAMApc","7"
"CANO-pc","1"
"BLROTEpc","1"
"ร็X:คอN","1"
"AGSIHIpc","1"
"INLAOTP","1"
"TRDEX","2"
"GRTHBOpc","3"
"SIPOi","1"
"CAWOD","1"
"SPSU&X","2"
"CAWOC","2"
